[31036:30464:0705/091746.515:VERBOSE1:components\enterprise\browser\controller\chrome_browser_cloud_management_controller.cc:122] DM token = empty
[31036:30464:0705/091746.515:VERBOSE1:components\enterprise\browser\controller\chrome_browser_cloud_management_controller.cc:128] Enrollment token = 
[31036:30464:0705/091746.516:VERBOSE1:components\enterprise\browser\controller\chrome_browser_cloud_management_controller.cc:129] Client ID = 68ed4ed7-f501-49ac-92ca-9fb924117070
[31036:30464:0705/091746.524:VERBOSE1:components\variations\service\variations_field_trial_creator.cc:77] VariationsSeedUsage:2
[31036:30464:0705/091746.525:VERBOSE1:components\variations\service\variations_field_trial_creator.cc:374] VariationsSetupComplete
[31036:30464:0705/091746.642:VERBOSE1:chrome\browser\media\webrtc\webrtc_event_log_manager.cc:126] WebRTC remote-bound event logging enabled.
[31036:30464:0705/091746.655:VERBOSE1:components\proxy_config\pref_proxy_config_tracker_impl.cc:462] 0x515c0231c680: set chrome proxy config service to 0x515c0236c380
[31036:30464:0705/091746.658:VERBOSE1:components\device_event_log\device_event_log_impl.cc:203] [09:17:46.658] Display: EVENT: screen_win.cc:1092 Displays updated, count: 1
[31036:30464:0705/091746.664:VERBOSE1:components\device_event_log\device_event_log_impl.cc:203] [09:17:46.664] Display: EVENT: screen_win.cc:1094 Display[1] bounds=[0,0 800x600], workarea=[0,0 800x600], scale=1, rotation=0, panel_rotation=0 external detected
[31036:30464:0705/091746.692:VERBOSE1:components\enterprise\browser\controller\chrome_browser_cloud_management_controller.cc:211] Starting CBCM Controller Initialization
[31036:30464:0705/091746.692:INFO:components\enterprise\browser\controller\chrome_browser_cloud_management_controller.cc:239] No machine level policy manager exists.
[31036:30464:0705/091746.692:VERBOSE1:chrome\installer\util\install_util.cc:218] Existing Chrome version found: 149.0.7827.201
[31036:30464:0705/091746.695:VERBOSE1:chrome\browser\enterprise\platform_auth\platform_auth_policy_observer.cc:108] PlatformAuthProviderManager enabled: 0
[31036:30464:0705/091746.700:VERBOSE1:components\policy\core\common\cloud\user_cloud_policy_store.cc:130] [policy_type=google/chrome/user] Initiating immediate policy load from disk
[31036:30464:0705/091746.701:VERBOSE1:components\policy\core\common\cloud\user_cloud_policy_store.cc:233] [policy_type=google/chrome/user] No policy found on disk
[31036:30464:0705/091746.701:VERBOSE1:components\policy\core\common\cloud\user_cloud_policy_store.cc:130] [policy_type=google/extension-install-cloud-policy/chrome/user] Initiating immediate policy load from disk
[31036:30464:0705/091746.701:VERBOSE1:components\policy\core\common\cloud\user_cloud_policy_store.cc:233] [policy_type=google/extension-install-cloud-policy/chrome/user] No policy found on disk
[31036:30464:0705/091746.747:VERBOSE1:components\proxy_config\pref_proxy_config_tracker_impl.cc:462] 0x515c02320ac0: set chrome proxy config service to 0x515c0236e680
[31036:30464:0705/091746.748:VERBOSE1:components\signin\internal\identity_manager\mutable_profile_oauth2_token_service_delegate.cc:353] MutablePO2TS::MutablePO2TS
[31036:30464:0705/091746.753:VERBOSE1:google_apis\gaia\gaia_auth_util.cc:53] Canonicalized @gmail.com to @gmail.com
[31036:30464:0705/091746.753:VERBOSE1:google_apis\gaia\gaia_auth_util.cc:53] Canonicalized @gmail.com to @gmail.com
[31036:30464:0705/091746.754:VERBOSE1:components\signin\core\browser\account_reconcilor.cc:150] AccountReconcilor::AccountReconcilor
[31036:30464:0705/091746.754:VERBOSE1:components\signin\core\browser\account_reconcilor.cc:180] AccountReconcilor::Initialize
[31036:30464:0705/091746.754:VERBOSE1:components\signin\core\browser\account_reconcilor.cc:231] AccountReconcilor::RegisterWithContentSettings
[31036:30464:0705/091746.754:VERBOSE1:components\signin\core\browser\account_reconcilor.cc:254] AccountReconcilor::RegisterWithIdentityManager
[31036:30464:0705/091746.757:VERBOSE1:components\proxy_config\pref_proxy_config_tracker_impl.cc:462] 0x515c02322180: set chrome proxy config service to 0x515c0236fb80
[31036:30464:0705/091746.758:VERBOSE1:chrome\browser\permissions\prediction_service\prediction_model_handler_provider_factory.cc:61] [PermissionsAI]: PredictionModelHandlerProviderFactory::BuildServiceInstanceForBrowserContext
[31036:30464:0705/091746.758:VERBOSE1:chrome\browser\permissions\prediction_service\prediction_model_handler_provider_factory.cc:98] [PermissionsAI]: PredictionModelHandlerProviderFactory::BuildServiceInstanceForBrowserContext PermissionsAIv4 not enabled, passage embedder not setup.
[31036:30464:0705/091746.758:VERBOSE1:chrome\browser\permissions\prediction_service\prediction_model_handler_provider.cc:55] [PermissionsAI] PredictionModelHandlerProvider ctor passage_embedder available: false
[31036:30464:0705/091746.758:VERBOSE1:chrome\browser\permissions\prediction_service\prediction_model_handler_provider.cc:58] [PermissionsAI] PredictionModelHandlerProvider ctor optimization_guide available: true
[31036:30464:0705/091746.759:VERBOSE1:components\signin\internal\identity_manager\mutable_profile_oauth2_token_service_delegate.cc:443] MutablePO2TS::RefreshTokenIsAvailable
[31036:30464:0705/091746.760:VERBOSE1:components\signin\internal\identity_manager\mutable_profile_oauth2_token_service_delegate.cc:443] MutablePO2TS::RefreshTokenIsAvailable
[31036:30464:0705/091746.760:VERBOSE1:chrome\browser\actor\aggregated_journal.cc:232] [ActorTool]: GlicActorPolicyChecker::ComputeActOnWebCapability: outcome=kNo reasons=kAccountCapabilityIneligible 
[31036:30464:0705/091746.760:VERBOSE1:components\signin\internal\identity_manager\mutable_profile_oauth2_token_service_delegate.cc:443] MutablePO2TS::RefreshTokenIsAvailable
[31036:30464:0705/091746.760:VERBOSE1:components\signin\internal\identity_manager\mutable_profile_oauth2_token_service_delegate.cc:443] MutablePO2TS::RefreshTokenIsAvailable
[31036:30464:0705/091746.760:VERBOSE1:components\signin\internal\identity_manager\mutable_profile_oauth2_token_service_delegate.cc:443] MutablePO2TS::RefreshTokenIsAvailable
[31036:30464:0705/091746.763:VERBOSE1:components\signin\internal\identity_manager\mutable_profile_oauth2_token_service_delegate.cc:443] MutablePO2TS::RefreshTokenIsAvailable
[31036:30464:0705/091746.773:VERBOSE1:extensions\browser\extension_registrar.cc:547] AddComponentExtension Web Store
[31036:30464:0705/091746.773:VERBOSE1:extensions\browser\extension_registrar.cc:549] Component extension Web Store (ahfgeienlihckogmohjhadlkjgocpleb) installing/upgrading from '' to 0.2
[31036:30464:0705/091746.774:VERBOSE1:extensions\browser\extension_registrar.cc:547] AddComponentExtension Chrome PDF Viewer
[31036:30464:0705/091746.774:VERBOSE1:extensions\browser\extension_registrar.cc:549] Component extension Chrome PDF Viewer (mhjfbmdgcfjbbpaeojofohoefgiehjai) installing/upgrading from '' to 1
[31036:30464:0705/091746.775:VERBOSE1:extensions\browser\extension_registrar.cc:547] AddComponentExtension Google Hangouts
[31036:30464:0705/091746.775:VERBOSE1:extensions\browser\extension_registrar.cc:549] Component extension Google Hangouts (nkeimhogjdpnpccoofpliimaahmaaome) installing/upgrading from '' to 1.3.26
[31036:30464:0705/091746.775:VERBOSE1:extensions\browser\extension_registrar.cc:547] AddComponentExtension Google Network Speech
[31036:30464:0705/091746.775:VERBOSE1:extensions\browser\extension_registrar.cc:549] Component extension Google Network Speech (fignfifoniblkonapihmkfakmlgkbkcf) installing/upgrading from '' to 1.0
[31036:30464:0705/091746.778:VERBOSE1:components\signin\internal\identity_manager\mutable_profile_oauth2_token_service_delegate.cc:443] MutablePO2TS::RefreshTokenIsAvailable
[31036:30464:0705/091746.778:VERBOSE1:components\signin\internal\identity_manager\mutable_profile_oauth2_token_service_delegate.cc:443] MutablePO2TS::RefreshTokenIsAvailable
[31036:30464:0705/091746.780:VERBOSE1:components\component_updater\installer_policies\on_device_head_suggest_component_installer.cc:59] On Device Head Component will fetch model for locale: ENUS500000
[31036:30464:0705/091746.781:VERBOSE1:chrome\browser\component_updater\trust_token_key_commitments_component_installer.cc:22] Registering Trust Token Key Commitments component.
[31036:30464:0705/091746.781:VERBOSE1:chrome\browser\component_updater\first_party_sets_component_installer.cc:37] Registering Related Website Sets component.
[31036:30464:0705/091746.781:VERBOSE1:chrome\browser\component_updater\privacy_sandbox_attestations_component_installer.cc:181] Registering Privacy Sandbox Attestations component
[31036:30464:0705/091746.781:VERBOSE1:chrome\browser\component_updater\file_type_policies_component_installer.cc:126] Registering File Type Policies component.
[31036:30464:0705/091746.781:VERBOSE1:chrome\browser\component_updater\hyphenation_component_installer.cc:148] Registering Hyphenation component.
[31036:30464:0705/091746.781:VERBOSE1:components\component_updater\installer_policies\actor_safety_lists_component_installer.cc:140] Registering Actor Safety Lists Component.
[31036:30464:0705/091746.782:VERBOSE1:chrome\browser\component_updater\translate_kit_component_installer.cc:210] Registering TranslateKit component.
[31036:30464:0705/091746.782:VERBOSE1:chrome\browser\component_updater\wasm_tts_engine_component_installer.cc:286] Registering WASM TTS Engine component.
[31036:30464:0705/091746.782:VERBOSE1:chrome\browser\component_updater\captcha_provider_component_installer.cc:175] Registering Captcha Provider component.
[31036:30464:0705/091746.786:VERBOSE1:chrome\browser\profiles\profile_manager.cc:1408] AddKeepAlive(Default, kOffTheRecordProfile). keep_alives=[kWaitingForFirstBrowserWindow (1), kOffTheRecordProfile (1)]
[31036:30464:0705/091746.787:VERBOSE1:chrome\browser\permissions\prediction_service\prediction_model_handler_provider_factory.cc:61] [PermissionsAI]: PredictionModelHandlerProviderFactory::BuildServiceInstanceForBrowserContext
[31036:30464:0705/091746.787:VERBOSE1:chrome\browser\permissions\prediction_service\prediction_model_handler_provider_factory.cc:98] [PermissionsAI]: PredictionModelHandlerProviderFactory::BuildServiceInstanceForBrowserContext PermissionsAIv4 not enabled, passage embedder not setup.
[31036:30464:0705/091746.787:VERBOSE1:chrome\browser\permissions\prediction_service\prediction_model_handler_provider.cc:55] [PermissionsAI] PredictionModelHandlerProvider ctor passage_embedder available: false
[31036:30464:0705/091746.787:VERBOSE1:chrome\browser\permissions\prediction_service\prediction_model_handler_provider.cc:58] [PermissionsAI] PredictionModelHandlerProvider ctor optimization_guide available: true
[31036:30464:0705/091746.791:VERBOSE1:components\proxy_config\pref_proxy_config_tracker_impl.cc:462] 0x515c02322e80: set chrome proxy config service to 0x515c02372ac0
[31036:9832:0705/091746.808:VERBOSE1:components\component_updater\component_installer.cc:477] StartRegistration for Privacy Sandbox Attestations
[31036:9832:0705/091746.809:VERBOSE1:components\component_updater\component_installer.cc:312] Preinstalled component found for Privacy Sandbox Attestations at C:\Program Files\Google\Chrome\Application\149.0.7827.201\PrivacySandboxAttestationsPreloaded with version 2025.7.18.0.
[31036:28440:0705/091746.821:VERBOSE1:net\disk_cache\simple\simple_index_file.cc:625] Simple Cache Index is being restored from disk.
[31036:29884:0705/091746.824:VERBOSE1:net\disk_cache\simple\simple_index_file.cc:625] Simple Cache Index is being restored from disk.
[31036:29884:0705/091746.841:VERBOSE1:components\component_updater\component_installer.cc:477] StartRegistration for Chrome Improved Recovery
[31036:25920:0705/091746.841:VERBOSE1:components\component_updater\component_installer.cc:477] StartRegistration for Widevine Content Decryption Module
[31036:29884:0705/091746.842:VERBOSE1:components\component_updater\component_installer.cc:477] StartRegistration for Subresource Filter Rules
[31036:25920:0705/091746.842:VERBOSE1:components\component_updater\component_installer.cc:312] Preinstalled component found for Widevine Content Decryption Module at C:\Program Files\Google\Chrome\Application\149.0.7827.201\WidevineCdm with version 4.10.3050.0.
[31036:25920:0705/091746.845:VERBOSE1:components\component_updater\component_installer.cc:477] StartRegistration for OnDeviceHeadSuggest
[31036:29884:0705/091746.845:VERBOSE1:components\component_updater\component_installer.cc:477] StartRegistration for Optimization Hints
[31036:28440:0705/091746.845:VERBOSE1:components\component_updater\component_installer.cc:477] StartRegistration for Trust Token Key Commitments
[31036:29884:0705/091746.846:VERBOSE1:components\component_updater\component_installer.cc:477] StartRegistration for Certificate Error Assistant
[31036:25920:0705/091746.847:VERBOSE1:components\component_updater\component_installer.cc:477] StartRegistration for File Type Policies
[31036:15432:0705/091746.847:VERBOSE1:components\component_updater\component_installer.cc:477] StartRegistration for CRLSet
[31036:28440:0705/091746.847:VERBOSE1:components\component_updater\component_installer.cc:477] StartRegistration for Origin Trials
[31036:9832:0705/091746.848:VERBOSE1:components\component_updater\component_installer.cc:477] StartRegistration for MEI Preload
[31036:29760:0705/091746.848:VERBOSE1:components\component_updater\component_installer.cc:477] StartRegistration for PKI Metadata
[31036:29884:0705/091746.851:VERBOSE1:components\component_updater\component_installer.cc:477] StartRegistration for Safety Tips
[31036:15432:0705/091746.852:VERBOSE1:components\component_updater\component_installer.cc:477] StartRegistration for Crowd Deny
[31036:25920:0705/091746.853:VERBOSE1:components\component_updater\component_installer.cc:477] StartRegistration for Hyphenation
[31036:29884:0705/091746.853:VERBOSE1:components\component_updater\component_installer.cc:477] StartRegistration for Zxcvbn Data Dictionaries
[31036:15432:0705/091746.854:VERBOSE1:components\component_updater\component_installer.cc:477] StartRegistration for Actor Safety Lists
[31036:25920:0705/091746.854:VERBOSE1:components\component_updater\component_installer.cc:477] StartRegistration for Amount Extraction Heuristic Regexes
[31036:29884:0705/091746.855:VERBOSE1:components\component_updater\component_installer.cc:477] StartRegistration for WASM TTS Engine
[31036:29712:0705/091746.855:VERBOSE1:components\component_updater\component_installer.cc:477] StartRegistration for Captcha Providers
[31036:9832:0705/091746.857:VERBOSE1:components\component_updater\component_installer.cc:312] Preinstalled component found for MEI Preload at C:\Program Files\Google\Chrome\Application\149.0.7827.201\MEIPreload with version 1.0.7.1652906823.
[31036:30464:0705/091746.909:VERBOSE1:chrome\browser\ui\views\omnibox\omnibox_popup_closer.cc:65] Closing omnibox popup with reason: kRevertAll
[31036:30464:0705/091746.911:VERBOSE1:chrome\browser\ui\views\omnibox\omnibox_popup_closer.cc:65] Closing omnibox popup with reason: kBrowserWidgetMoved
[31036:25452:0705/091746.911:VERBOSE1:components\signin\public\webdata\token_service_table.cc:259] Loaded tokens: result = 3 ; number of tokens loaded = 0
[31036:18824:0705/091746.923:VERBOSE1:extensions\browser\content_verifier\content_verifier.cc:944] OnFetchComplete ahfgeienlihckogmohjhadlkjgocpleb success:0
[31036:18824:0705/091746.924:VERBOSE1:extensions\browser\content_verifier\content_verifier.cc:944] OnFetchComplete mhjfbmdgcfjbbpaeojofohoefgiehjai success:0
[31036:18824:0705/091746.924:VERBOSE1:extensions\browser\content_verifier\content_verifier.cc:944] OnFetchComplete nkeimhogjdpnpccoofpliimaahmaaome success:0
[31036:18824:0705/091746.924:VERBOSE1:extensions\browser\content_verifier\content_verifier.cc:944] OnFetchComplete fignfifoniblkonapihmkfakmlgkbkcf success:0
[31036:21800:0705/091746.926:WARNING:chrome\browser\extensions\external_pref_loader.cc:294] You are using an old-style extension deployment method (external_extensions.json), which will soon be deprecated. (see http://developer.chrome.com/docs/extensions/how-to/distribute/install-extensions)
[31036:30464:0705/091746.968:VERBOSE1:chrome\browser\enterprise\data_protection\data_protection_navigation_observer.cc:227] enterprise.data_protection: same document navigation: 0
[31036:30464:0705/091746.968:VERBOSE1:chrome\browser\enterprise\data_protection\data_protection_navigation_observer.cc:229] enterprise.data_protection: URL to scan: http://127.0.0.1:8767/
[31036:30464:0705/091746.988:VERBOSE1:chrome\browser\ui\views\omnibox\omnibox_popup_closer.cc:65] Closing omnibox popup with reason: kRevertAll
[25496:31580:0705/091747.006:VERBOSE1:net\base\network_delegate.cc:38] NetworkDelegate::NotifyBeforeURLRequest: http://clients2.google.com/time/1/current?cup2key=10:95ZawvFhroYvfdfLKPjIinLdytaRzK6WADjNXpo1il4&cup2hreq=e3b0c44298fc1c149afbf4c8996fb92427ae41e4649b934ca495991b7852b855
[29276:10196:0705/091747.010:INFO:third_party\webrtc\rtc_base\cpu_info.cc:77] Available number of cores: 8
[8292:14680:0705/091747.017:INFO:third_party\webrtc\rtc_base\cpu_info.cc:77] Available number of cores: 8
[31036:30464:0705/091747.022:VERBOSE1:chrome\browser\profiles\profile_manager.cc:1408] AddKeepAlive(Default, kExtensionUpdater). keep_alives=[kWaitingForFirstBrowserWindow (1), kOffTheRecordProfile (1), kExtensionUpdater (1)]
[31036:30464:0705/091747.036:VERBOSE1:components\component_updater\component_installer.cc:548] FinishRegistration for Privacy Sandbox Attestations
[31036:30464:0705/091747.038:VERBOSE1:components\component_updater\component_updater_service.cc:177] CrxUpdateService starting up. First update attempt will take place in 60 s seconds. Next update attempt will take place in 18000 s seconds. 
[31036:30464:0705/091747.038:VERBOSE1:components\component_updater\component_installer.cc:589] Component ready, version 2025.7.18.0 in C:\Program Files\Google\Chrome\Application\149.0.7827.201\PrivacySandboxAttestationsPreloaded
[31036:30464:0705/091747.038:VERBOSE1:chrome\browser\component_updater\privacy_sandbox_attestations_component_installer.cc:111] Privacy Sandbox Attestations Component ready, version 2025.7.18.0 in C:\Program Files\Google\Chrome\Application\149.0.7827.201\PrivacySandboxAttestationsPreloaded
[31036:30464:0705/091747.038:VERBOSE1:chrome\browser\component_updater\privacy_sandbox_attestations_component_installer.cc:188] Received privacy sandbox attestations file
[31036:30464:0705/091747.040:VERBOSE1:components\component_updater\component_installer.cc:548] FinishRegistration for Chrome Improved Recovery
[31036:30464:0705/091747.040:VERBOSE1:components\component_updater\component_installer.cc:548] FinishRegistration for Widevine Content Decryption Module
[31036:30464:0705/091747.040:VERBOSE1:components\component_updater\component_installer.cc:589] Component ready, version 4.10.3050.0 in C:\Program Files\Google\Chrome\Application\149.0.7827.201\WidevineCdm
[31036:30464:0705/091747.040:VERBOSE1:components\component_updater\component_installer.cc:548] FinishRegistration for Subresource Filter Rules
[31036:30464:0705/091747.040:VERBOSE1:components\component_updater\component_installer.cc:548] FinishRegistration for Optimization Hints
[31036:30464:0705/091747.040:VERBOSE1:components\component_updater\component_installer.cc:548] FinishRegistration for OnDeviceHeadSuggest
[31036:30464:0705/091747.040:VERBOSE1:components\component_updater\component_installer.cc:548] FinishRegistration for Trust Token Key Commitments
[31036:30464:0705/091747.042:VERBOSE1:components\component_updater\component_installer.cc:548] FinishRegistration for Certificate Error Assistant
[31036:30464:0705/091747.042:VERBOSE1:components\component_updater\component_installer.cc:548] FinishRegistration for CRLSet
[31036:30464:0705/091747.042:VERBOSE1:components\component_updater\component_installer.cc:548] FinishRegistration for File Type Policies
[31036:30464:0705/091747.042:VERBOSE1:components\component_updater\component_installer.cc:548] FinishRegistration for Safety Tips
[31036:30464:0705/091747.042:VERBOSE1:components\component_updater\component_installer.cc:548] FinishRegistration for Crowd Deny
[31036:30464:0705/091747.042:VERBOSE1:components\component_updater\component_installer.cc:548] FinishRegistration for Hyphenation
[31036:30464:0705/091747.042:VERBOSE1:components\component_updater\component_installer.cc:548] FinishRegistration for Zxcvbn Data Dictionaries
[31036:30464:0705/091747.042:VERBOSE1:components\component_updater\component_installer.cc:548] FinishRegistration for Actor Safety Lists
[31036:30464:0705/091747.044:VERBOSE1:components\component_updater\component_installer.cc:548] FinishRegistration for Amount Extraction Heuristic Regexes
[31036:30464:0705/091747.044:VERBOSE1:components\component_updater\component_installer.cc:548] FinishRegistration for WASM TTS Engine
[31036:30464:0705/091747.044:VERBOSE1:components\component_updater\component_installer.cc:548] FinishRegistration for Captcha Providers
[31036:30464:0705/091747.044:VERBOSE1:components\component_updater\component_installer.cc:548] FinishRegistration for Origin Trials
[31036:30464:0705/091747.047:VERBOSE1:components\component_updater\component_installer.cc:548] FinishRegistration for PKI Metadata
[31036:30464:0705/091747.047:VERBOSE1:components\component_updater\component_installer.cc:548] FinishRegistration for MEI Preload
[31036:30464:0705/091747.047:VERBOSE1:components\component_updater\component_installer.cc:589] Component ready, version 1.0.7.1652906823 in C:\Program Files\Google\Chrome\Application\149.0.7827.201\MEIPreload
[31036:30464:0705/091747.054:VERBOSE1:components\signin\internal\identity_manager\mutable_profile_oauth2_token_service_delegate.cc:599] MutablePO2TS::OnWebDataServiceRequestDone. Result type: 6
[31036:30464:0705/091747.054:VERBOSE1:components\signin\internal\identity_manager\mutable_profile_oauth2_token_service_delegate.cc:661] MutablePO2TS::LoadAllCredentialsIntoMemory; 0 credential(s).
[31036:30464:0705/091747.056:VERBOSE1:components\signin\internal\identity_manager\mutable_profile_oauth2_token_service_delegate.cc:443] MutablePO2TS::RefreshTokenIsAvailable
[31036:30464:0705/091747.056:VERBOSE1:google_apis\gaia\gaia_auth_util.cc:53] Canonicalized @gmail.com to @gmail.com
[31036:30464:0705/091747.056:VERBOSE1:google_apis\gaia\gaia_auth_util.cc:53] Canonicalized @gmail.com to @gmail.com
[31036:30464:0705/091747.057:VERBOSE1:components\signin\internal\identity_manager\mutable_profile_oauth2_token_service_delegate.cc:443] MutablePO2TS::RefreshTokenIsAvailable
[25496:31580:0705/091747.058:VERBOSE1:net\base\network_delegate.cc:38] NetworkDelegate::NotifyBeforeURLRequest: http://127.0.0.1:8767/
[31036:30464:0705/091747.058:VERBOSE1:components\signin\internal\identity_manager\mutable_profile_oauth2_token_service_delegate.cc:443] MutablePO2TS::RefreshTokenIsAvailable
[31036:30464:0705/091747.059:VERBOSE1:components\signin\internal\identity_manager\mutable_profile_oauth2_token_service_delegate.cc:443] MutablePO2TS::RefreshTokenIsAvailable
[31036:30464:0705/091747.059:VERBOSE1:components\signin\internal\identity_manager\mutable_profile_oauth2_token_service_delegate.cc:443] MutablePO2TS::RefreshTokenIsAvailable
[31036:30464:0705/091747.059:VERBOSE1:components\signin\internal\identity_manager\mutable_profile_oauth2_token_service_delegate.cc:443] MutablePO2TS::RefreshTokenIsAvailable
[31036:30464:0705/091747.059:VERBOSE1:components\signin\core\browser\account_reconcilor.cc:339] AccountReconcilor::OnEndBatchOfRefreshTokenStateChanges. Reconcilor state: 1
[25496:31580:0705/091747.060:VERBOSE1:net\base\network_delegate.cc:38] NetworkDelegate::NotifyBeforeURLRequest: https://safebrowsingohttpgateway.googleapis.com/v1/ohttp/hpkekeyconfig?key=AIzaSyA2KlwBX3mkFo30om9LUFYQhpqLoa_BNhE
[31036:30464:0705/091747.074:VERBOSE1:chrome\browser\profiles\profile_manager.cc:1408] AddKeepAlive(Default, kExtensionUpdater). keep_alives=[kWaitingForFirstBrowserWindow (1), kOffTheRecordProfile (1), kExtensionUpdater (2)]
[25496:19680:0705/091747.074:VERBOSE1:net\disk_cache\simple\simple_index_file.cc:625] Simple Cache Index is being restored from disk.
[31036:30464:0705/091747.086:VERBOSE1:chrome\browser\local_discovery\service_discovery_device_lister.cc:36] DeviceListerStart: service_type: _googlecast._tcp.local
[31036:30464:0705/091747.086:VERBOSE1:chrome\browser\local_discovery\service_discovery_device_lister.cc:42] DiscoverNewDevices: service_type: _googlecast._tcp.local
[25496:31580:0705/091747.097:VERBOSE1:net\base\network_delegate.cc:38] NetworkDelegate::NotifyBeforeURLRequest: https://accounts.google.com/ListAccounts?gpsia=1&source=ChromiumBrowser&json=standard&laf=b64bin
[25496:31580:0705/091747.097:VERBOSE1:net\base\network_delegate.cc:38] NetworkDelegate::NotifyBeforeURLRequest: https://clientservices.googleapis.com/chrome-variations/seed?osname=win&channel=stable&milestone=149
[25496:31580:0705/091747.107:VERBOSE1:net\base\network_delegate.cc:38] NetworkDelegate::NotifyBeforeURLRequest: https://www.google.com/async/folae?async=_fmt:pb&udm=50&client_locale=en-US
[25496:31580:0705/091747.107:VERBOSE1:net\base\network_delegate.cc:38] NetworkDelegate::NotifyBeforeURLRequest: https://www.google.com/async/folae?async=_fmt:pb&udm=50&client_locale=en-US
[19784:5808:0705/091747.113:ERROR:ui\gl\direct_composition_support.cc:247] GetGpuDriverOverlayInfo: Failed to retrieve video device
[19784:5808:0705/091747.121:VERBOSE1:components\viz\service\main\viz_main_impl.cc:87] VizNullHypothesis is disabled (not a warning)
[31036:30464:0705/091747.141:VERBOSE1:components\signin\internal\identity_manager\mutable_profile_oauth2_token_service_delegate.cc:443] MutablePO2TS::RefreshTokenIsAvailable
[31036:30464:0705/091747.159:VERBOSE1:chrome\browser\component_updater\widevine_cdm_component_installer.cc:94] Registering Widevine CDM 4.10.3050.0 with Chrome
[31036:30464:0705/091747.159:VERBOSE1:components\privacy_sandbox\privacy_sandbox_attestations\privacy_sandbox_attestations.cc:480] Parsed Privacy Sandbox Attestation list version: 2025.7.18.0
[31036:30464:0705/091747.159:VERBOSE1:components\privacy_sandbox\privacy_sandbox_attestations\privacy_sandbox_attestations.cc:482] Number of attestation entries: 263
[30584:31400:0705/091747.201:INFO:third_party\webrtc\rtc_base\cpu_info.cc:77] Available number of cores: 8
[31036:30464:0705/091747.201:VERBOSE1:chrome\browser\web_applications\locks\partitioned_lock_manager.cc:262] Acquiring <PartitionedLockId>{id: 0x31, partition: 0} for Start@chrome\browser\web_applications\generated_icon_fix_manager.cc:61
[31036:30464:0705/091747.202:VERBOSE1:chrome\browser\web_applications\locks\partitioned_lock_manager.cc:243] All locks acquired for Start@chrome\browser\web_applications\generated_icon_fix_manager.cc:61
[31036:30464:0705/091747.226:VERBOSE1:components\segmentation_platform\internal\signals\signal_filter_processor.cc:61] Segmentation platform started observing Session.TotalDuration
[31036:30464:0705/091747.226:VERBOSE1:components\segmentation_platform\internal\signals\signal_filter_processor.cc:61] Segmentation platform started observing Commerce.PriceDrops.ActiveTabNavigationComplete.IsProductDetailPage
[31036:30464:0705/091747.226:VERBOSE1:components\segmentation_platform\internal\signals\signal_filter_processor.cc:54] Segmentation platform started observing Autofill_PolledCreditCardSuggestions
[31036:30464:0705/091747.226:VERBOSE1:components\segmentation_platform\internal\signals\signal_filter_processor.cc:61] Segmentation platform started observing IOS.ParcelTracking.Tracked.AutoTrack
[31036:30464:0705/091747.226:VERBOSE1:components\segmentation_platform\internal\signals\signal_filter_processor.cc:61] Segmentation platform started observing Omnibox.SuggestionUsed.ClientSummarizedResultType
[31036:30464:0705/091747.226:VERBOSE1:components\segmentation_platform\internal\signals\signal_filter_processor.cc:54] Segmentation platform started observing MetadataWriter
[31036:30464:0705/091747.226:VERBOSE1:components\segmentation_platform\internal\signals\signal_filter_processor.cc:61] Segmentation platform started observing Sync.DeviceCount2
[31036:30464:0705/091747.226:VERBOSE1:components\segmentation_platform\internal\signals\signal_filter_processor.cc:61] Segmentation platform started observing Sync.DeviceCount2.Phone
[31036:30464:0705/091747.226:VERBOSE1:components\segmentation_platform\internal\signals\signal_filter_processor.cc:61] Segmentation platform started observing Sync.DeviceCount2.Desktop
[31036:30464:0705/091747.226:VERBOSE1:components\segmentation_platform\internal\signals\signal_filter_processor.cc:61] Segmentation platform started observing Sync.DeviceCount2.Tablet
[31036:30464:0705/091747.226:VERBOSE1:components\segmentation_platform\internal\signals\signal_filter_processor.cc:54] Segmentation platform started observing MobileBookmarkManagerOpen
[31036:30464:0705/091747.226:VERBOSE1:components\segmentation_platform\internal\signals\signal_filter_processor.cc:54] Segmentation platform started observing NewTabPage.MostVisited.Clicked
[31036:30464:0705/091747.226:VERBOSE1:components\segmentation_platform\internal\signals\signal_filter_processor.cc:54] Segmentation platform started observing TabGroup.Created.OpenInNewTab
[31036:30464:0705/091747.226:VERBOSE1:components\segmentation_platform\internal\signals\signal_filter_processor.cc:54] Segmentation platform started observing Android.HistoryPage.OpenItem
[31036:30464:0705/091747.226:VERBOSE1:components\segmentation_platform\internal\signals\signal_filter_processor.cc:54] Segmentation platform started observing MobileMenuRecentTabs
[31036:30464:0705/091747.226:VERBOSE1:components\segmentation_platform\internal\signals\signal_filter_processor.cc:61] Segmentation platform started observing PasswordManager.ManagePasswordsReferrer
[31036:30464:0705/091747.226:VERBOSE1:components\segmentation_platform\internal\signals\signal_filter_processor.cc:61] Segmentation platform started observing PasswordManager.ProfileStore.TotalAccountsHiRes3.WithScheme.Https
[31036:30464:0705/091747.226:VERBOSE1:components\segmentation_platform\internal\signals\signal_filter_processor.cc:61] Segmentation platform started observing PasswordManager.FillingAssistance
[31036:30464:0705/091747.226:VERBOSE1:components\segmentation_platform\internal\signals\signal_filter_processor.cc:61] Segmentation platform started observing PasswordManager.SavedPasswordIsGenerated
[31036:30464:0705/091747.226:VERBOSE1:components\segmentation_platform\internal\signals\signal_filter_processor.cc:61] Segmentation platform started observing PasswordManager.SaveUIDismissalReason
[31036:30464:0705/091747.226:VERBOSE1:components\segmentation_platform\internal\signals\signal_filter_processor.cc:61] Segmentation platform started observing PasswordManager.SaveUIDismissalReason
[31036:30464:0705/091747.226:VERBOSE1:components\segmentation_platform\internal\signals\signal_filter_processor.cc:61] Segmentation platform started observing IOS.CredentialExtension.IsEnabled.Startup
[31036:30464:0705/091747.226:VERBOSE1:components\segmentation_platform\internal\signals\signal_filter_processor.cc:61] Segmentation platform started observing Session.TotalDuration
[31036:30464:0705/091747.259:VERBOSE1:components\signin\internal\identity_manager\mutable_profile_oauth2_token_service_delegate.cc:443] MutablePO2TS::RefreshTokenIsAvailable
[31036:30464:0705/091747.270:VERBOSE1:chrome\browser\web_applications\locks\partitioned_lock_manager.cc:286] Releasing <PartitionedLockId>{id: 0x31, partition: 0} requested by Start@chrome\browser\web_applications\generated_icon_fix_manager.cc:61
[30584:31400:0705/091747.278:VERBOSE1:extensions\renderer\script_context.cc:150] Created context:
  extension id:           nkeimhogjdpnpccoofpliimaahmaaome
  frame:                  0x720c02030d50
  URL:                    
  context_type:           BLESSED_EXTENSION
  effective extension id: nkeimhogjdpnpccoofpliimaahmaaome
  effective context type: BLESSED_EXTENSION
[30584:31400:0705/091747.278:VERBOSE1:extensions\renderer\script_context.cc:150] Created context:
  extension id:           (none)
  frame:                  (nil)
  URL:                    
  context_type:           UNSPECIFIED
  effective extension id: (none)
  effective context type: UNSPECIFIED
[30584:31400:0705/091747.279:VERBOSE1:extensions\renderer\dispatcher.cc:493] Num tracked contexts: 1
[31036:30464:0705/091747.283:VERBOSE1:components\signin\internal\identity_manager\mutable_profile_oauth2_token_service_delegate.cc:443] MutablePO2TS::RefreshTokenIsAvailable
[31296:25032:0705/091747.287:INFO:third_party\webrtc\rtc_base\cpu_info.cc:77] Available number of cores: 8
[31036:21800:0705/091747.297:VERBOSE1:net\disk_cache\simple\simple_index_file.cc:625] Simple Cache Index is being restored from disk.
[25496:31580:0705/091747.325:VERBOSE1:net\proxy_resolution\configured_proxy_resolution_service.cc:1223] Failed configuring with PAC script, falling-back to manual proxy servers.
[25496:31580:0705/091747.340:VERBOSE1:net\proxy_resolution\configured_proxy_resolution_service.cc:1223] Failed configuring with PAC script, falling-back to manual proxy servers.
[25496:31580:0705/091747.342:VERBOSE1:net\proxy_resolution\configured_proxy_resolution_service.cc:1223] Failed configuring with PAC script, falling-back to manual proxy servers.
[25496:31580:0705/091747.342:VERBOSE1:net\proxy_resolution\configured_proxy_resolution_service.cc:1223] Failed configuring with PAC script, falling-back to manual proxy servers.
[31296:25032:0705/091747.346:VERBOSE1:extensions\renderer\script_context.cc:150] Created context:
  extension id:           nkeimhogjdpnpccoofpliimaahmaaome
  frame:                  0x5f4c02030d50
  URL:                    
  context_type:           BLESSED_EXTENSION
  effective extension id: nkeimhogjdpnpccoofpliimaahmaaome
  effective context type: BLESSED_EXTENSION
[31044:29536:0705/091747.346:VERBOSE1:third_party\zlib\google\zip.cc:183] Skipped ZIP entry 'background.js'
[31296:25032:0705/091747.346:VERBOSE1:extensions\renderer\script_context.cc:150] Created context:
  extension id:           (none)
  frame:                  (nil)
  URL:                    
  context_type:           UNSPECIFIED
  effective extension id: (none)
  effective context type: UNSPECIFIED
[31044:29536:0705/091747.347:VERBOSE1:third_party\zlib\google\zip.cc:183] Skipped ZIP entry 'captured.html'
[31296:25032:0705/091747.347:VERBOSE1:extensions\renderer\dispatcher.cc:493] Num tracked contexts: 1
[31044:29536:0705/091747.356:VERBOSE1:third_party\zlib\google\zip.cc:183] Skipped ZIP entry 'captured.js'
[25496:31580:0705/091747.358:VERBOSE1:net\base\network_delegate.cc:38] NetworkDelegate::NotifyBeforeURLRequest: https://update.googleapis.com/service/update2/json?cup2key=16:gtuskvdHRq--A_ZWHUqkezPwtllXdiWd-TVPMDGRsUA&cup2hreq=13e479ec3a1c42470cc489de11a66f1297151fa3808b74ff5cef0eb9179945e0
[31044:29536:0705/091747.360:VERBOSE1:third_party\zlib\google\zip.cc:183] Skipped ZIP entry 'content.js'
[31044:29536:0705/091747.361:VERBOSE1:third_party\zlib\google\zip.cc:183] Skipped ZIP entry 'debug.js'
[31044:29536:0705/091747.367:VERBOSE1:third_party\zlib\google\zip.cc:183] Skipped ZIP entry 'document.js'
[31044:29536:0705/091747.368:VERBOSE1:third_party\zlib\google\zip.cc:183] Skipped ZIP entry 'images/'
[31044:29536:0705/091747.370:VERBOSE1:third_party\zlib\google\zip.cc:183] Skipped ZIP entry 'images/headBkgd.gif'
[31044:29536:0705/091747.371:VERBOSE1:third_party\zlib\google\zip.cc:183] Skipped ZIP entry 'images/headTitle.gif'
[31044:29536:0705/091747.373:VERBOSE1:third_party\zlib\google\zip.cc:183] Skipped ZIP entry 'images/logo128.png'
[31044:29536:0705/091747.374:VERBOSE1:third_party\zlib\google\zip.cc:183] Skipped ZIP entry 'images/logo16.png'
[31044:29536:0705/091747.374:VERBOSE1:third_party\zlib\google\zip.cc:183] Skipped ZIP entry 'images/logo16x.png'
[31044:29536:0705/091747.376:VERBOSE1:third_party\zlib\google\zip.cc:183] Skipped ZIP entry 'images/logo32.png'
[31044:29536:0705/091747.377:VERBOSE1:third_party\zlib\google\zip.cc:183] Skipped ZIP entry 'images/logo32x.png'
[31044:29536:0705/091747.378:VERBOSE1:third_party\zlib\google\zip.cc:183] Skipped ZIP entry 'images/logo48.png'
[31044:29536:0705/091747.378:VERBOSE1:third_party\zlib\google\zip.cc:183] Skipped ZIP entry 'images/logoTonec.gif'
[31044:29536:0705/091747.384:VERBOSE1:third_party\zlib\google\zip.cc:183] Skipped ZIP entry 'welcome.html'
[31044:29536:0705/091747.386:VERBOSE1:third_party\zlib\google\zip.cc:183] Skipped ZIP entry 'welcome.js'
[31044:29536:0705/091747.387:VERBOSE1:third_party\zlib\google\zip.cc:183] Skipped ZIP entry '_locales/'
[31044:29536:0705/091747.387:VERBOSE1:third_party\zlib\google\zip.cc:183] Skipped ZIP entry '_locales/ar/'
[31044:29536:0705/091747.388:VERBOSE1:third_party\zlib\google\zip.cc:183] Skipped ZIP entry '_locales/ar/messages.json'
[31044:29536:0705/091747.389:VERBOSE1:third_party\zlib\google\zip.cc:183] Skipped ZIP entry '_locales/de/'
[31044:29536:0705/091747.389:VERBOSE1:third_party\zlib\google\zip.cc:183] Skipped ZIP entry '_locales/de/messages.json'
[31044:29536:0705/091747.390:VERBOSE1:third_party\zlib\google\zip.cc:183] Skipped ZIP entry '_locales/en/'
[31044:29536:0705/091747.393:VERBOSE1:third_party\zlib\google\zip.cc:183] Skipped ZIP entry '_locales/en/messages.json'
[31044:29536:0705/091747.394:VERBOSE1:third_party\zlib\google\zip.cc:183] Skipped ZIP entry '_locales/es/'
[31044:29536:0705/091747.395:VERBOSE1:third_party\zlib\google\zip.cc:183] Skipped ZIP entry '_locales/es/messages.json'
[31044:29536:0705/091747.395:VERBOSE1:third_party\zlib\google\zip.cc:183] Skipped ZIP entry '_locales/fa/'
[31044:29536:0705/091747.396:VERBOSE1:third_party\zlib\google\zip.cc:183] Skipped ZIP entry '_locales/fa/messages.json'
[31044:29536:0705/091747.396:VERBOSE1:third_party\zlib\google\zip.cc:183] Skipped ZIP entry '_locales/fr/'
[31044:29536:0705/091747.397:VERBOSE1:third_party\zlib\google\zip.cc:183] Skipped ZIP entry '_locales/fr/messages.json'
[31044:29536:0705/091747.398:VERBOSE1:third_party\zlib\google\zip.cc:183] Skipped ZIP entry '_locales/he/'
[31044:29536:0705/091747.398:VERBOSE1:third_party\zlib\google\zip.cc:183] Skipped ZIP entry '_locales/he/messages.json'
[31044:29536:0705/091747.399:VERBOSE1:third_party\zlib\google\zip.cc:183] Skipped ZIP entry '_locales/it/'
[31044:29536:0705/091747.400:VERBOSE1:third_party\zlib\google\zip.cc:183] Skipped ZIP entry '_locales/it/messages.json'
[31044:29536:0705/091747.402:VERBOSE1:third_party\zlib\google\zip.cc:183] Skipped ZIP entry '_locales/nl/'
[31044:29536:0705/091747.405:VERBOSE1:third_party\zlib\google\zip.cc:183] Skipped ZIP entry '_locales/nl/messages.json'
[31044:29536:0705/091747.406:VERBOSE1:third_party\zlib\google\zip.cc:183] Skipped ZIP entry '_locales/pl/'
[31044:29536:0705/091747.407:VERBOSE1:third_party\zlib\google\zip.cc:183] Skipped ZIP entry '_locales/pl/messages.json'
[31044:29536:0705/091747.407:VERBOSE1:third_party\zlib\google\zip.cc:183] Skipped ZIP entry '_locales/pt/'
[31044:29536:0705/091747.408:VERBOSE1:third_party\zlib\google\zip.cc:183] Skipped ZIP entry '_locales/pt/messages.json'
[31044:29536:0705/091747.409:VERBOSE1:third_party\zlib\google\zip.cc:183] Skipped ZIP entry '_locales/ru/'
[31044:29536:0705/091747.409:VERBOSE1:third_party\zlib\google\zip.cc:183] Skipped ZIP entry '_locales/ru/messages.json'
[31044:29536:0705/091747.410:VERBOSE1:third_party\zlib\google\zip.cc:183] Skipped ZIP entry '_locales/th/'
[31044:29536:0705/091747.410:VERBOSE1:third_party\zlib\google\zip.cc:183] Skipped ZIP entry '_locales/th/messages.json'
[31044:29536:0705/091747.411:VERBOSE1:third_party\zlib\google\zip.cc:183] Skipped ZIP entry '_locales/tr/'
[31044:29536:0705/091747.411:VERBOSE1:third_party\zlib\google\zip.cc:183] Skipped ZIP entry '_locales/tr/messages.json'
[31044:29536:0705/091747.412:VERBOSE1:third_party\zlib\google\zip.cc:183] Skipped ZIP entry '_locales/vn/'
[31044:29536:0705/091747.412:VERBOSE1:third_party\zlib\google\zip.cc:183] Skipped ZIP entry '_locales/vn/messages.json'
[31044:29536:0705/091747.413:VERBOSE1:third_party\zlib\google\zip.cc:183] Skipped ZIP entry '_locales/zh_cn/'
[31044:29536:0705/091747.413:VERBOSE1:third_party\zlib\google\zip.cc:183] Skipped ZIP entry '_locales/zh_cn/messages.json'
[31044:29536:0705/091747.414:VERBOSE1:third_party\zlib\google\zip.cc:183] Skipped ZIP entry '_locales/zh_tw/'
[31044:29536:0705/091747.415:VERBOSE1:third_party\zlib\google\zip.cc:183] Skipped ZIP entry '_locales/zh_tw/messages.json'
[31044:29536:0705/091747.416:VERBOSE1:third_party\zlib\google\zip.cc:183] Skipped ZIP entry '_metadata/'
[31044:29536:0705/091747.418:VERBOSE1:third_party\zlib\google\zip.cc:183] Skipped ZIP entry '_metadata/verified_contents.json'
[31036:30464:0705/091747.433:VERBOSE1:components\segmentation_platform\internal\selection\segment_result_provider.cc:136] GetSegmentResult: segment=OPTIMIZATION_TARGET_SEGMENTATION_DEVICE_SWITCHER ignoring DB score, executing model.
[31036:30464:0705/091747.433:VERBOSE1:components\segmentation_platform\internal\selection\segment_result_provider.cc:277] ExecuteModelAndGetScore: segment=OPTIMIZATION_TARGET_SEGMENTATION_DEVICE_SWITCHER server segment info not available
[31036:30464:0705/091747.433:VERBOSE1:components\segmentation_platform\internal\selection\segment_result_provider.cc:210] OnGotModelScore: segment=OPTIMIZATION_TARGET_SEGMENTATION_DEVICE_SWITCHER failed to get database model score, trying default model.
[25496:31580:0705/091747.442:VERBOSE1:net\base\network_delegate.cc:38] NetworkDelegate::NotifyBeforeURLRequest: https://fonts.googleapis.com/css2?family=Space+Grotesk:wght@400;500;700&family=JetBrains+Mono:wght@400;500;600&display=swap
[25496:31580:0705/091747.443:VERBOSE1:net\base\network_delegate.cc:38] NetworkDelegate::NotifyBeforeURLRequest: http://127.0.0.1:8767/style.css?v=173
[25496:31580:0705/091747.444:VERBOSE1:net\base\network_delegate.cc:38] NetworkDelegate::NotifyBeforeURLRequest: https://cdn.jsdelivr.net/npm/qrcodejs@1.0.0/qrcode.min.js
[25496:31580:0705/091747.445:VERBOSE1:net\base\network_delegate.cc:38] NetworkDelegate::NotifyBeforeURLRequest: https://cdn.jsdelivr.net/npm/hls.js@latest
[25496:31580:0705/091747.445:VERBOSE1:net\base\network_delegate.cc:38] NetworkDelegate::NotifyBeforeURLRequest: https://cdn.jsdelivr.net/npm/socket.io-client@4.7.2/dist/socket.io.min.js
[25496:31580:0705/091747.445:VERBOSE1:net\base\network_delegate.cc:38] NetworkDelegate::NotifyBeforeURLRequest: https://cdn.jsdelivr.net/npm/xterm@5.3.0/css/xterm.css
[8292:14680:0705/091747.445:VERBOSE1:extensions\renderer\script_context.cc:150] Created context:
  extension id:           (none)
  frame:                  0x3dc402030d50
  URL:                    
  context_type:           WEB_PAGE
  effective extension id: (none)
  effective context type: WEB_PAGE
[25496:31580:0705/091747.446:VERBOSE1:net\base\network_delegate.cc:38] NetworkDelegate::NotifyBeforeURLRequest: https://cdn.jsdelivr.net/npm/xterm@5.3.0/lib/xterm.js
[8292:14680:0705/091747.446:VERBOSE1:extensions\renderer\script_context.cc:150] Created context:
  extension id:           (none)
  frame:                  (nil)
  URL:                    
  context_type:           UNSPECIFIED
  effective extension id: (none)
  effective context type: UNSPECIFIED
[8292:14680:0705/091747.447:VERBOSE1:extensions\renderer\dispatcher.cc:493] Num tracked contexts: 1
[25496:31580:0705/091747.447:VERBOSE1:net\base\network_delegate.cc:38] NetworkDelegate::NotifyBeforeURLRequest: https://cdn.jsdelivr.net/npm/xterm-addon-fit@0.8.0/lib/xterm-addon-fit.js
[25496:31580:0705/091747.447:VERBOSE1:net\base\network_delegate.cc:38] NetworkDelegate::NotifyBeforeURLRequest: http://127.0.0.1:8767/blackjack.js
[25496:31580:0705/091747.448:VERBOSE1:net\base\network_delegate.cc:38] NetworkDelegate::NotifyBeforeURLRequest: http://127.0.0.1:8767/casino_engine.js
[25496:31580:0705/091747.449:VERBOSE1:net\base\network_delegate.cc:38] NetworkDelegate::NotifyBeforeURLRequest: http://127.0.0.1:8767/crash.js
[25496:31580:0705/091747.451:VERBOSE1:net\base\network_delegate.cc:38] NetworkDelegate::NotifyBeforeURLRequest: http://127.0.0.1:8767/gamba_plus.js
[25496:31580:0705/091747.453:VERBOSE1:net\base\network_delegate.cc:38] NetworkDelegate::NotifyBeforeURLRequest: http://127.0.0.1:8767/tetris.js
[25496:31580:0705/091747.454:VERBOSE1:net\base\network_delegate.cc:38] NetworkDelegate::NotifyBeforeURLRequest: http://127.0.0.1:8767/offline_tv.js
[25496:31580:0705/091747.456:VERBOSE1:net\base\network_delegate.cc:38] NetworkDelegate::NotifyBeforeURLRequest: http://127.0.0.1:8767/offline_tv_games.js
[25496:31580:0705/091747.456:VERBOSE1:net\base\network_delegate.cc:38] NetworkDelegate::NotifyBeforeURLRequest: http://127.0.0.1:8767/radio_comm.js
[25496:31580:0705/091747.456:VERBOSE1:net\base\network_delegate.cc:38] NetworkDelegate::NotifyBeforeURLRequest: http://127.0.0.1:8767/app.js?v=173
[4160:31248:0705/091747.586:VERBOSE1:third_party\zlib\google\zip.cc:183] Skipped ZIP entry 'manifest.json'
[26304:18352:0705/091747.674:INFO:third_party\webrtc\rtc_base\cpu_info.cc:77] Available number of cores: 8
[30548:23592:0705/091747.674:INFO:third_party\webrtc\rtc_base\cpu_info.cc:77] Available number of cores: 8
[30548:31172:0705/091747.793:VERBOSE1:extensions\renderer\script_context.cc:150] Created context:
  extension id:           fignfifoniblkonapihmkfakmlgkbkcf
  frame:                  (nil)
  URL:                    
  context_type:           BLESSED_EXTENSION
  effective extension id: fignfifoniblkonapihmkfakmlgkbkcf
  effective context type: BLESSED_EXTENSION
[30548:31172:0705/091747.794:VERBOSE1:extensions\renderer\script_context.cc:150] Created context:
  extension id:           (none)
  frame:                  (nil)
  URL:                    
  context_type:           UNSPECIFIED
  effective extension id: (none)
  effective context type: UNSPECIFIED
[31036:30464:0705/091747.881:VERBOSE1:extensions\browser\install_signer.cc:349] Sending request: {"hash":"YIy4M0u5/g91o6F2hT/vedpJoGLCOeZqQSa+O9htCP8=","ids":["ngpampappnmepgilojfohadhhmbhlaek"],"protocol_version":1}
[25496:31580:0705/091747.882:VERBOSE1:net\base\network_delegate.cc:38] NetworkDelegate::NotifyBeforeURLRequest: https://www.googleapis.com/chromewebstore/v1.1/items/verify
[25496:31580:0705/091747.883:VERBOSE1:net\base\network_delegate.cc:38] NetworkDelegate::NotifyBeforeURLRequest: https://chromewebstore.googleapis.com/v2/items/ngpampappnmepgilojfohadhhmbhlaek:fetchItemSnippet
[31036:30464:0705/091747.884:VERBOSE1:chrome\browser\profiles\profile_manager.cc:1469] RemoveKeepAlive(Default, kExtensionUpdater). keep_alives=[kWaitingForFirstBrowserWindow (1), kOffTheRecordProfile (1), kExtensionUpdater (1)]
[25496:31580:0705/091750.029:VERBOSE1:components\domain_reliability\scheduler.cc:184] Scheduling upload for between 60 and 300 seconds from now.
[25496:31580:0705/091750.041:VERBOSE1:components\domain_reliability\scheduler.cc:184] Scheduling upload for between 60 and 300 seconds from now.
[8292:14680:0705/091750.115:VERBOSE1:extensions\renderer\script_context.cc:150] Created context:
  extension id:           (none)
  frame:                  0x3dc4021bc950
  URL:                    
  context_type:           WEB_PAGE
  effective extension id: (none)
  effective context type: WEB_PAGE
[8292:14680:0705/091750.115:VERBOSE1:extensions\renderer\script_context.cc:150] Created context:
  extension id:           (none)
  frame:                  (nil)
  URL:                    
  context_type:           UNSPECIFIED
  effective extension id: (none)
  effective context type: UNSPECIFIED
[8292:14680:0705/091750.116:VERBOSE1:extensions\renderer\dispatcher.cc:493] Num tracked contexts: 2
[25496:31580:0705/091750.119:VERBOSE1:net\third_party\quiche\src\quiche\quic\core\tls_handshaker.cc:109] TlsClient: Continuing handshake
[25496:31580:0705/091750.125:VERBOSE1:net\base\network_delegate.cc:38] NetworkDelegate::NotifyBeforeURLRequest: https://fonts.gstatic.com/s/spacegrotesk/v22/V8mDoQDjQSkFtoMM3T6r8E7mPbF4Cw.woff2
[25496:31580:0705/091750.125:VERBOSE1:net\base\network_delegate.cc:38] NetworkDelegate::NotifyBeforeURLRequest: https://fonts.gstatic.com/s/jetbrainsmono/v24/tDbv2o-flEEny0FZhsfKu5WU4zr3E_BX0PnT8RD8yKwBNntkaToggR7BYRbKPxDcwg.woff2
[25496:31580:0705/091750.135:VERBOSE1:net\third_party\quiche\src\quiche\quic\core\tls_handshaker.cc:109] TlsClient: Continuing handshake
[25496:31580:0705/091750.135:VERBOSE1:net\third_party\quiche\src\quiche\quic\core\tls_handshaker.cc:109] TlsClient: Continuing handshake
[25496:31580:0705/091750.156:VERBOSE1:net\third_party\quiche\src\quiche\quic\core\tls_handshaker.cc:109] TlsClient: Continuing handshake
[25496:31580:0705/091750.157:VERBOSE1:net\third_party\quiche\src\quiche\quic\core\tls_handshaker.cc:109] TlsClient: Continuing handshake
[25496:31580:0705/091750.157:VERBOSE1:net\third_party\quiche\src\quiche\quic\core\tls_handshaker.cc:109] TlsClient: Continuing handshake
[25496:31580:0705/091750.158:VERBOSE1:net\third_party\quiche\src\quiche\quic\core\tls_handshaker.cc:109] TlsClient: Continuing handshake
[31036:30464:0705/091750.180:VERBOSE1:components\signin\core\browser\account_reconcilor.cc:559] AccountReconcilor::OnAccountsInCookieUpdated: CookieJar 0 accounts, Reconcilor's state is 1, Error was 
[31036:30464:0705/091750.180:VERBOSE1:components\signin\core\browser\account_reconcilor.cc:653] AccountReconcilor::LoadValidAccountsFromTokenService: Chrome 0 accounts
[31036:30464:0705/091750.180:VERBOSE1:components\signin\core\browser\account_reconcilor.cc:783] AccountReconcilor::CalculateIfMultiloginReconcileIsDone: Error was 
[31036:30464:0705/091750.180:VERBOSE1:components\signin\core\browser\account_reconcilor.cc:689] AccountReconcilor::StartReconcileIfChromeAccountsChanged
[31036:30464:0705/091750.181:VERBOSE1:components\signin\core\browser\account_reconcilor.cc:559] AccountReconcilor::OnAccountsInCookieUpdated: CookieJar 0 accounts, Reconcilor's state is 1, Error was 
[31036:30464:0705/091750.181:VERBOSE1:components\signin\core\browser\account_reconcilor.cc:653] AccountReconcilor::LoadValidAccountsFromTokenService: Chrome 0 accounts
[31036:30464:0705/091750.181:VERBOSE1:components\signin\core\browser\account_reconcilor.cc:783] AccountReconcilor::CalculateIfMultiloginReconcileIsDone: Error was 
[31036:30464:0705/091750.181:VERBOSE1:components\signin\core\browser\account_reconcilor.cc:689] AccountReconcilor::StartReconcileIfChromeAccountsChanged
[31036:30464:0705/091750.203:VERBOSE1:components\update_client\request_sender.cc:188] Request completed from url: https://update.googleapis.com/service/update2/json?cup2key=16:gtuskvdHRq--A_ZWHUqkezPwtllXdiWd-TVPMDGRsUA&cup2hreq=13e479ec3a1c42470cc489de11a66f1297151fa3808b74ff5cef0eb9179945e0
[25496:31580:0705/091750.208:VERBOSE1:net\base\network_delegate.cc:38] NetworkDelegate::NotifyBeforeURLRequest: https://clients2.googleusercontent.com/crx/blobs/AcPRoer2Zc8Cgsxh3W97Ool_-PGKhLaIiI3sel8eaYNhRISQxgF7RAU9V6yJvXw1e7sYHW2j6vqLEhEQKXjZoaglbnja3Q65AdkDVIKRv7wFMJgAqud8KltAaV-Hxvg30NwAxlKa5QTua4OZ5Ic-CUkgokgc_Nvmf1Of/GHBMNNJOOEKPMOECNNNILNNBDLOLHKHI_1_107_1_0.crx
[31036:30464:0705/091750.215:VERBOSE1:extensions\browser\install_signer.cc:370] Got response: {
  "protocol_version": 1,
  "signature": "UM4LrWJG13nzoak3dViwA/D/1CvzhUk5FmLatw+MdrsUUEAc4VE5nea0bmoV5UZZxEyWh6DSvtLuzEgOlUyGJcCp88UzAJd45fxms3LDjQmy0C1jG8QGVc2W3s0s1t2o/SA1yuIIk/o2PRYN48zs9vF+7UYAFTD5bjVOOtnLRyMvX13Swcuj5KQHryp18RfHcnh1yQQ7UZqao2arWUyqWMZHQFkDxWkX31DcxKzNKUMUDJW876A/6/GIoUlZ3rF2m6Ti7gcwCWUY1eAsPUypza9LkvsxaY0YuvLVXO7ICBF1IunHVcZwuR0jAVLUTOl3JXLNDldf0gqmGAIQzj23kg==",
  "expiry": "2026-09-26",
  "pubkey_sha1_hash": "a2159534e3753e716819beb8aae14b326927505a"
}

[31036:30464:0705/091750.294:VERBOSE1:components\update_client\url_fetcher_downloader.cc:167] url fetcher response started for: https://clients2.googleusercontent.com/crx/blobs/AcPRoer2Zc8Cgsxh3W97Ool_-PGKhLaIiI3sel8eaYNhRISQxgF7RAU9V6yJvXw1e7sYHW2j6vqLEhEQKXjZoaglbnja3Q65AdkDVIKRv7wFMJgAqud8KltAaV-Hxvg30NwAxlKa5QTua4OZ5Ic-CUkgokgc_Nvmf1Of/GHBMNNJOOEKPMOECNNNILNNBDLOLHKHI_1_107_1_0.crx
[31036:30464:0705/091750.390:VERBOSE1:components\enterprise\browser\reporting\saas_usage\saas_usage_report_scheduler.cc:106] Scheduling next browser SaaS usage report at 1601-01-01 04:00:00.000000 UTC
[31036:21912:0705/091750.390:VERBOSE1:chrome\installer\util\install_util.cc:218] Existing Chrome version found: 149.0.7827.201
[31036:30464:0705/091750.390:VERBOSE1:components\enterprise\browser\reporting\saas_usage\saas_usage_report_scheduler.cc:74] No domain metrics aggregated - skipping browser report upload.
[31036:30464:0705/091750.390:VERBOSE1:components\enterprise\browser\reporting\saas_usage\saas_usage_report_scheduler.cc:106] Scheduling next browser SaaS usage report at 2026-07-05 07:47:50.392074 UTC
[31036:21912:0705/091750.390:VERBOSE1:chrome\installer\util\install_util.cc:242] No existing Chrome install found.
[31036:30464:0705/091750.393:VERBOSE1:chrome\browser\web_applications\locks\partitioned_lock_manager.cc:262] Acquiring <PartitionedLockId>{id: 0x31, partition: 0} for SynchronizeInstalledApps@chrome\browser\web_applications\externally_managed_app_manager.cc:186
[31036:30464:0705/091750.394:VERBOSE1:chrome\browser\web_applications\locks\partitioned_lock_manager.cc:243] All locks acquired for SynchronizeInstalledApps@chrome\browser\web_applications\externally_managed_app_manager.cc:186
[31036:30464:0705/091750.394:VERBOSE1:chrome\browser\web_applications\locks\partitioned_lock_manager.cc:286] Releasing <PartitionedLockId>{id: 0x31, partition: 0} requested by SynchronizeInstalledApps@chrome\browser\web_applications\externally_managed_app_manager.cc:186
[25496:31580:0705/091750.405:VERBOSE1:net\base\network_delegate.cc:38] NetworkDelegate::NotifyBeforeURLRequest: https://fonts.gstatic.com/s/spacegrotesk/v22/V8mDoQDjQSkFtoMM3T6r8E7mPbF4Cw.woff2
[25496:31580:0705/091750.405:VERBOSE1:net\base\network_delegate.cc:38] NetworkDelegate::NotifyBeforeURLRequest: https://fonts.gstatic.com/s/jetbrainsmono/v24/tDbv2o-flEEny0FZhsfKu5WU4zr3E_BX0PnT8RD8yKwBNntkaToggR7BYRbKPxDcwg.woff2
[31036:30464:0705/091750.434:INFO:CONSOLE:331] "Cyber Casino Engine Loaded.", source: http://127.0.0.1:8767/blackjack.js (331)
[25496:31580:0705/091750.440:VERBOSE1:net\base\network_delegate.cc:38] NetworkDelegate::NotifyBeforeURLRequest: http://127.0.0.1:8767/api/version
[25496:31580:0705/091750.495:VERBOSE1:net\base\network_delegate.cc:38] NetworkDelegate::NotifyBeforeURLRequest: http://127.0.0.1:8767/api/credits
[31036:30464:0705/091750.523:VERBOSE1:components\device_event_log\device_event_log_impl.cc:203] [09:17:50.524] USB: DEBUG: usb_device_handle_win.cc:1091 Failed to read descriptor from node connection: A device attached to the system is not functioning. (0x1F)
[31036:30464:0705/091750.525:VERBOSE1:components\device_event_log\device_event_log_impl.cc:203] [09:17:50.526] USB: USER: usb_service_win.cc:765 USB device added: path=\\?\usb#vid_0bda&pid_c821#00e04c000001#{a5dcbf10-6530-11d2-901f-00c04fb951ed} vendor=3034 "", product=51233 "", serial="00e04c000001", driver="BTHUSB", guid=df12eaef-0be7-4971-8903-dcd0a1451107
[31036:30464:0705/091750.526:VERBOSE1:components\device_event_log\device_event_log_impl.cc:203] [09:17:50.526] USB: DEBUG: usb_device_handle_win.cc:1091 Failed to read descriptor from node connection: A device attached to the system is not functioning. (0x1F)
[31036:30464:0705/091750.526:VERBOSE1:components\device_event_log\device_event_log_impl.cc:203] [09:17:50.526] USB: USER: usb_service_win.cc:765 USB device added: path=\\?\usb#vid_0bda&pid_0129#20100201396000000#{a5dcbf10-6530-11d2-901f-00c04fb951ed} vendor=3034 "", product=297 "", serial="20100201396000000", driver="RTSUER", guid=a7a383dd-9b5f-4bf7-8bd7-5e2e7ae94768
[31036:30464:0705/091750.529:VERBOSE1:components\device_event_log\device_event_log_impl.cc:203] [09:17:50.529] USB: USER: usb_service_win.cc:765 USB device added: path=\\?\usb#vid_1bcf&pid_2d40#jv#{a5dcbf10-6530-11d2-901f-00c04fb951ed} vendor=7119 "SunplusIT Inc", product=11584 "USB Camera", serial="JV", driver="usbccgp", guid=13141ada-b747-47ed-b20e-8fa500492f17
[31036:30464:0705/091750.529:VERBOSE1:components\device_event_log\device_event_log_impl.cc:203] [09:17:50.529] USB: USER: usb_service_win.cc:765 USB device added: path=\\?\usb#vid_0480&pid_b301#20210504012799f#{a5dcbf10-6530-11d2-901f-00c04fb951ed} vendor=1152 "", product=45825 "", serial="20210504012799F", driver="USBSTOR", guid=4e0216c4-0ecd-4d1d-8860-758803b2eac9
[8292:14680:0705/091750.533:VERBOSE1:third_party\blink\renderer\platform\webrtc\webrtc_logging.cc:35] [WA]AC::AudioContext ({latency_hint=interactive}) [state=suspended sink_descriptor_=, sink_id_given_=false]
[8292:14680:0705/091750.533:VERBOSE1:third_party\blink\renderer\platform\webrtc\webrtc_logging.cc:35] [WA]AH::AudioHandler ({sample_rate=0}) [type=AudioDestinationNode, this=0x6084017DDB40]
[8292:14680:0705/091750.534:VERBOSE1:third_party\blink\renderer\platform\webrtc\webrtc_logging.cc:35] [WA]RWADI::RendererWebAudioDeviceImpl
[31036:18824:0705/091750.534:VERBOSE1:content\browser\renderer_host\media\media_stream_manager.cc:1499] RFAOSF::RequestDeviceAuthorization({device_id=}) [process_id=5, frame_id=1]
[31036:18824:0705/091750.660:VERBOSE1:content\browser\renderer_host\media\media_stream_manager.cc:1499] RFAOSF::AuthorizationCompleted({status=OK}, {params=format: PCM_LOW_LATENCY, channel_layout: 3, channels: 2, sample_rate: 48000, frames_per_buffer: 480, effects: NONE, mic_positions: , latency_tag: LatencyUnknown, hw_capabilities: min_frames_per_buffer: 480, max_frames_per_buffer: 480, bitstream_formats:0, require_encapsulation:0, require_audio_offload:0}, {device_id=default}) [process_id=5, frame_id=1]
[31036:18824:0705/091750.660:VERBOSE1:content\browser\renderer_host\media\media_stream_manager.cc:1499] RFAOSF::AuthorizationCompleted => (authorization time=125 ms) [process_id=5, frame_id=1]
[31036:18824:0705/091750.660:VERBOSE1:content\browser\renderer_host\media\media_stream_manager.cc:1499] AMB::LogAudioManagerStartup => AudioManager starts.
[8292:14680:0705/091750.660:VERBOSE1:third_party\blink\renderer\platform\webrtc\webrtc_logging.cc:35] [WA]RWADI::RendererWebAudioDeviceImpl => (hardware_params=[format: PCM_LOW_LATENCY, channel_layout: 3, channels: 2, sample_rate: 48000, frames_per_buffer: 480, effects: NONE, mic_positions: , latency_tag: LatencyUnknown, hw_capabilities: min_frames_per_buffer: 480, max_frames_per_buffer: 480, bitstream_formats:0, require_encapsulation:0, require_audio_offload:0])
[8292:14680:0705/091750.660:VERBOSE1:third_party\blink\renderer\platform\webrtc\webrtc_logging.cc:35] [WA]RWADI::RendererWebAudioDeviceImpl => (sink_params=[format: PCM_LOW_LATENCY, channel_layout: 3, channels: 2, sample_rate: 48000, frames_per_buffer: 480, effects: NONE, mic_positions: , latency_tag: LatencyInteractive])
[8292:14680:0705/091750.660:VERBOSE1:third_party\blink\renderer\platform\webrtc\webrtc_logging.cc:35] [WA]AD::AudioDestination ({output_channels=2}) [state=stopped]
[8292:14680:0705/091750.660:VERBOSE1:third_party\blink\renderer\platform\webrtc\webrtc_logging.cc:35] [WA]AD::AudioDestination => (FIFO size=16384 bytes) [state=stopped]
[8292:14680:0705/091750.660:VERBOSE1:third_party\blink\renderer\platform\webrtc\webrtc_logging.cc:35] [WA]AD::AudioDestination => (device callback buffer size=480 frames) [state=stopped]
[8292:14680:0705/091750.660:VERBOSE1:third_party\blink\renderer\platform\webrtc\webrtc_logging.cc:35] [WA]AD::AudioDestination => (device sample rate=48000 Hz) [state=stopped]
[8292:14680:0705/091750.660:VERBOSE1:third_party\blink\renderer\platform\webrtc\webrtc_logging.cc:35] [WA]AD::AudioDestination Output buffer bypass: yes [state=stopped]
[8292:14680:0705/091750.660:VERBOSE1:third_party\blink\renderer\platform\webrtc\webrtc_logging.cc:35] [WA]AD::AudioDestination => (no resampling: context sample rate set to 48000 Hz) [state=stopped]
[8292:14680:0705/091750.660:VERBOSE1:third_party\blink\renderer\platform\webrtc\webrtc_logging.cc:35] [WA]AC::AudioContext => (base latency=0.010 seconds)) [state=suspended sink_descriptor_=, sink_id_given_=false]
[8292:14680:0705/091750.661:VERBOSE1:third_party\blink\renderer\platform\webrtc\webrtc_logging.cc:35] [WA]AH::AudioHandler ({sample_rate=48000}) [type=GainNode, this=0x60840061B3C0]
[8292:14680:0705/091750.661:VERBOSE1:third_party\blink\renderer\platform\webrtc\webrtc_logging.cc:35] [WA]AN::connect ({output=[index:0, type:GainNode, handler:0x60840061B3C0]} --> {input=[index:0, type:AudioDestinationNode, handler:0x6084017DDB40]})
[8292:14680:0705/091750.661:VERBOSE1:third_party\blink\renderer\platform\webrtc\webrtc_logging.cc:35] [WA]AH::AudioHandler ({sample_rate=48000}) [type=GainNode, this=0x60840061B2F0]
[8292:14680:0705/091750.661:VERBOSE1:third_party\blink\renderer\platform\webrtc\webrtc_logging.cc:35] [WA]AN::connect ({output=[index:0, type:GainNode, handler:0x60840061B2F0]} --> {input=[index:0, type:GainNode, handler:0x60840061B3C0]})
[8292:14680:0705/091750.661:VERBOSE1:third_party\blink\renderer\platform\webrtc\webrtc_logging.cc:35] [WA]AH::AudioHandler ({sample_rate=48000}) [type=GainNode, this=0x60840061B220]
[8292:14680:0705/091750.661:VERBOSE1:third_party\blink\renderer\platform\webrtc\webrtc_logging.cc:35] [WA]AN::connect ({output=[index:0, type:GainNode, handler:0x60840061B220]} --> {input=[index:0, type:GainNode, handler:0x60840061B3C0]})
[8292:14680:0705/091750.667:VERBOSE1:third_party\blink\renderer\platform\webrtc\webrtc_logging.cc:35] [WA]AH::AudioHandler ({sample_rate=48000}) [type=AudioBufferSourceNode, this=0x608400A69200]
[8292:14680:0705/091750.667:VERBOSE1:third_party\blink\renderer\platform\webrtc\webrtc_logging.cc:35] [WA]AH::AudioHandler ({sample_rate=48000}) [type=BiquadFilterNode, this=0x608402284FC0]
[8292:14680:0705/091750.668:VERBOSE1:third_party\blink\renderer\platform\webrtc\webrtc_logging.cc:35] [WA]AN::connect ({output=[index:0, type:AudioBufferSourceNode, handler:0x608400A69200]} --> {input=[index:0, type:BiquadFilterNode, handler:0x608402284FC0]})
[8292:14680:0705/091750.668:VERBOSE1:third_party\blink\renderer\platform\webrtc\webrtc_logging.cc:35] [WA]AN::connect ({output=[index:0, type:BiquadFilterNode, handler:0x608402284FC0]} --> {input=[index:0, type:GainNode, handler:0x60840061B2F0]})
[31036:30464:0705/091750.668:INFO:CONSOLE:516] "The AudioContext was not allowed to start. It must be resumed (or created) after a user gesture on the page. https://developer.chrome.com/blog/autoplay/#web_audio", source: http://127.0.0.1:8767/radio_comm.js (516)
[8292:14680:0705/091750.668:VERBOSE1:third_party\blink\renderer\platform\webrtc\webrtc_logging.cc:35] [WA]AH::AudioHandler ({sample_rate=48000}) [type=MediaElementAudioSourceNode, this=0x608400AEAF00]
[8292:14680:0705/091750.669:VERBOSE1:third_party\blink\renderer\platform\webrtc\webrtc_logging.cc:35] [WA]AN::connect ({output=[index:0, type:MediaElementAudioSourceNode, handler:0x608400AEAF00]} --> {input=[index:0, type:GainNode, handler:0x60840061B220]})
[31036:30464:0705/091750.670:INFO:CONSOLE:668] "The AudioContext was not allowed to start. It must be resumed (or created) after a user gesture on the page. https://developer.chrome.com/blog/autoplay/#web_audio", source: http://127.0.0.1:8767/radio_comm.js (668)
[25496:31580:0705/091750.698:VERBOSE1:net\base\network_delegate.cc:38] NetworkDelegate::NotifyBeforeURLRequest: https://content-autofill.googleapis.com/v1/pages/ChVDaHJvbWUvMTQ5LjAuNzgyNy4yMDEStgIJPm-z5DnR25wSDw109UCUKggIABgBIAI4AhIPDbel7fUqCAgCGAEgAjgCEg8N4SQL0SoICAQYASACOAISDQ2oxD4pKgYIBBgFIAISDw3gLXXkKggIAhgBIAE4ARIPDdbx-O0qCAgGGAEgATgBEg8NCwx-ASoICAEYASACOAISDQ3DwUuhKgYIBRgFIAMSDw3eQPwsKggIBhgCIAE4AhIPDaQOhHwqCAgAGAIgATgCEg8NcU_LRioICAUYAiABOAISDw1AQ9ISKggIABgFIAE4ARIPDU3r0g0qCAgCGAEgBDgEEg0NVZaRHioGCAEYBSAFEg8NQjQV5CoICAIYBCABOAESDQ27p53kKgYIABgFIAUSDw1vSYAXKggIARgBIAc4ByHvAwskyze90invAwskyze90jIA?alt=proto
[31036:30464:0705/091750.707:INFO:CONSOLE:38] "[Security Suite] Dashboard version: 90c8096ba095", source: http://127.0.0.1:8767/app.js?v=173 (38)
[25496:31580:0705/091750.730:VERBOSE1:net\base\network_delegate.cc:38] NetworkDelegate::NotifyBeforeURLRequest: http://127.0.0.1:8767/sw.js
[25496:31580:0705/091750.771:VERBOSE1:net\base\network_delegate.cc:38] NetworkDelegate::NotifyBeforeURLRequest: http://127.0.0.1:8767/favicon.ico
[31036:30464:0705/091750.776:INFO:CONSOLE:212] "[Security Suite] Service Worker registered: http://127.0.0.1:8767/", source: http://127.0.0.1:8767/app.js?v=173 (212)
[25496:31580:0705/091750.781:VERBOSE1:net\base\network_delegate.cc:38] NetworkDelegate::NotifyBeforeURLRequest: http://127.0.0.1:8767/
[25496:31580:0705/091750.784:VERBOSE1:net\base\network_delegate.cc:38] NetworkDelegate::NotifyBeforeURLRequest: http://127.0.0.1:8767/index.html
[25496:31580:0705/091750.786:VERBOSE1:net\base\network_delegate.cc:38] NetworkDelegate::NotifyBeforeURLRequest: http://127.0.0.1:8767/style.css?v=154
[25496:31580:0705/091750.802:VERBOSE1:net\base\network_delegate.cc:38] NetworkDelegate::NotifyBeforeURLRequest: http://127.0.0.1:8767/app.js?v=154
[25496:31580:0705/091750.823:VERBOSE1:net\base\network_delegate.cc:38] NetworkDelegate::NotifyBeforeURLRequest: http://127.0.0.1:8767/blackjack.js
[25496:31580:0705/091750.829:VERBOSE1:net\base\network_delegate.cc:38] NetworkDelegate::NotifyBeforeURLRequest: http://127.0.0.1:8767/casino_engine.js
[25496:31580:0705/091750.831:VERBOSE1:net\base\network_delegate.cc:38] NetworkDelegate::NotifyBeforeURLRequest: http://127.0.0.1:8767/crash.js
[25496:31580:0705/091750.841:VERBOSE1:net\base\network_delegate.cc:38] NetworkDelegate::NotifyBeforeURLRequest: http://127.0.0.1:8767/gamba_plus.js
[25496:31580:0705/091750.846:VERBOSE1:net\base\network_delegate.cc:38] NetworkDelegate::NotifyBeforeURLRequest: http://127.0.0.1:8767/tetris.js
[25496:31580:0705/091750.849:VERBOSE1:net\base\network_delegate.cc:38] NetworkDelegate::NotifyBeforeURLRequest: http://127.0.0.1:8767/offline_tv.js
[25496:31580:0705/091750.860:VERBOSE1:net\base\network_delegate.cc:38] NetworkDelegate::NotifyBeforeURLRequest: http://127.0.0.1:8767/offline_tv_games.js
[25496:31580:0705/091750.867:VERBOSE1:net\base\network_delegate.cc:38] NetworkDelegate::NotifyBeforeURLRequest: http://127.0.0.1:8767/radio_comm.js
[25496:31580:0705/091750.877:VERBOSE1:net\base\network_delegate.cc:38] NetworkDelegate::NotifyBeforeURLRequest: http://127.0.0.1:8767/manifest.json
[25496:31580:0705/091750.880:VERBOSE1:net\base\network_delegate.cc:38] NetworkDelegate::NotifyBeforeURLRequest: http://127.0.0.1:8767/icon-192.png
[25496:31580:0705/091750.890:VERBOSE1:net\base\network_delegate.cc:38] NetworkDelegate::NotifyBeforeURLRequest: http://127.0.0.1:8767/icon-512.png
[31036:30464:0705/091750.987:VERBOSE1:chrome\browser\enterprise\data_protection\data_protection_navigation_observer.cc:227] enterprise.data_protection: same document navigation: 0
[31036:30464:0705/091750.987:VERBOSE1:chrome\browser\enterprise\data_protection\data_protection_navigation_observer.cc:229] enterprise.data_protection: URL to scan: http://127.0.0.1:8767/
[25496:31580:0705/091750.991:VERBOSE1:net\base\network_delegate.cc:38] NetworkDelegate::NotifyBeforeURLRequest: http://127.0.0.1:8767/
[8292:14680:0705/091751.004:VERBOSE1:extensions\renderer\dispatcher.cc:688] Num tracked contexts: 1
[8292:14680:0705/091751.006:VERBOSE1:third_party\blink\renderer\platform\webrtc\webrtc_logging.cc:35] [WA]AC::Uninitialize  [state=suspended sink_descriptor_=, sink_id_given_=false]
[8292:14680:0705/091751.006:VERBOSE1:third_party\blink\renderer\platform\webrtc\webrtc_logging.cc:35] [WA]AC::StopRendering  [state=suspended sink_descriptor_=, sink_id_given_=false]
[8292:14680:0705/091751.007:VERBOSE1:extensions\renderer\dispatcher.cc:688] Num tracked contexts: 0
[31036:30464:0705/091751.016:VERBOSE1:content\browser\back_forward_cache\back_forward_cache_impl.cc:853] BackForwardCacheImpl::GetCurrentBackForwardCacheEligibility: http://127.0.0.1:8767/ : No: blocklisted features: main resource has Cache-Control: No-Store, JavaScript network request received Cache-Control: no-store resource, Browsing instance is not swapped
[31036:30464:0705/091751.016:VERBOSE1:content\browser\back_forward_cache\back_forward_cache_impl.cc:853] BackForwardCacheImpl::GetCompleteBackForwardCacheEligibilityForReporting: http://127.0.0.1:8767/ : No: blocklisted features: main resource has Cache-Control: No-Store, JavaScript network request received Cache-Control: no-store resource, Browsing instance is not swapped
[8292:14680:0705/091751.020:VERBOSE1:extensions\renderer\script_context.cc:150] Created context:
  extension id:           (none)
  frame:                  0x3dc4024eafc8
  URL:                    
  context_type:           WEB_PAGE
  effective extension id: (none)
  effective context type: WEB_PAGE
[8292:14680:0705/091751.020:VERBOSE1:extensions\renderer\script_context.cc:150] Created context:
  extension id:           (none)
  frame:                  (nil)
  URL:                    
  context_type:           UNSPECIFIED
  effective extension id: (none)
  effective context type: UNSPECIFIED
[8292:14680:0705/091751.020:VERBOSE1:extensions\renderer\dispatcher.cc:493] Num tracked contexts: 1
[25496:31580:0705/091751.020:VERBOSE1:net\base\network_delegate.cc:38] NetworkDelegate::NotifyBeforeURLRequest: https://fonts.googleapis.com/css2?family=Space+Grotesk:wght@400;500;700&family=JetBrains+Mono:wght@400;500;600&display=swap
[8292:14680:0705/091751.022:VERBOSE1:extensions\renderer\script_context.cc:163] Destroyed context for extension
  extension id: 
  effective extension id: 
[8292:14680:0705/091751.022:VERBOSE1:extensions\renderer\script_context.cc:163] Destroyed context for extension
  extension id: 
  effective extension id: 
[25496:31580:0705/091751.022:VERBOSE1:net\third_party\quiche\src\quiche\quic\core\tls_handshaker.cc:109] TlsClient: Continuing handshake
[8292:14680:0705/091751.022:VERBOSE1:extensions\renderer\script_context.cc:163] Destroyed context for extension
  extension id: 
  effective extension id: 
[8292:14680:0705/091751.022:VERBOSE1:extensions\renderer\script_context.cc:163] Destroyed context for extension
  extension id: 
  effective extension id: 
[25496:31580:0705/091751.024:VERBOSE1:net\base\network_delegate.cc:38] NetworkDelegate::NotifyBeforeURLRequest: http://127.0.0.1:8767/style.css?v=173
[31036:21912:0705/091751.024:VERBOSE1:components\component_updater\component_installer.cc:477] StartRegistration for Related Website Sets
[25496:31580:0705/091751.026:VERBOSE1:net\base\network_delegate.cc:38] NetworkDelegate::NotifyBeforeURLRequest: https://cdn.jsdelivr.net/npm/qrcodejs@1.0.0/qrcode.min.js
[25496:31580:0705/091751.028:VERBOSE1:net\base\network_delegate.cc:38] NetworkDelegate::NotifyBeforeURLRequest: https://cdn.jsdelivr.net/npm/hls.js@latest
[31036:30464:0705/091751.034:VERBOSE1:components\component_updater\component_installer.cc:548] FinishRegistration for Related Website Sets
[31036:30464:0705/091751.034:VERBOSE1:chrome\browser\component_updater\first_party_sets_component_installer.cc:42] Received Related Website Sets
[25496:31580:0705/091751.036:VERBOSE1:net\base\network_delegate.cc:38] NetworkDelegate::NotifyBeforeURLRequest: https://cdn.jsdelivr.net/npm/socket.io-client@4.7.2/dist/socket.io.min.js
[25496:31580:0705/091751.038:VERBOSE1:net\third_party\quiche\src\quiche\quic\core\tls_handshaker.cc:109] TlsClient: Continuing handshake
[25496:31580:0705/091751.038:VERBOSE1:net\third_party\quiche\src\quiche\quic\core\tls_handshaker.cc:109] TlsClient: Continuing handshake
[25496:31580:0705/091751.039:VERBOSE1:net\base\network_delegate.cc:38] NetworkDelegate::NotifyBeforeURLRequest: https://cdn.jsdelivr.net/npm/xterm@5.3.0/css/xterm.css
[25496:31580:0705/091751.039:VERBOSE1:net\base\network_delegate.cc:38] NetworkDelegate::NotifyBeforeURLRequest: https://cdn.jsdelivr.net/npm/xterm@5.3.0/lib/xterm.js
[25496:31580:0705/091751.043:VERBOSE1:net\base\network_delegate.cc:38] NetworkDelegate::NotifyBeforeURLRequest: https://cdn.jsdelivr.net/npm/xterm-addon-fit@0.8.0/lib/xterm-addon-fit.js
[25496:31580:0705/091751.043:VERBOSE1:net\base\network_delegate.cc:38] NetworkDelegate::NotifyBeforeURLRequest: http://127.0.0.1:8767/blackjack.js
[25496:31580:0705/091751.045:VERBOSE1:net\base\network_delegate.cc:38] NetworkDelegate::NotifyBeforeURLRequest: http://127.0.0.1:8767/casino_engine.js
[25496:31580:0705/091751.047:VERBOSE1:net\base\network_delegate.cc:38] NetworkDelegate::NotifyBeforeURLRequest: http://127.0.0.1:8767/crash.js
[25496:31580:0705/091751.048:VERBOSE1:net\third_party\quiche\src\quiche\quic\core\tls_handshaker.cc:109] TlsClient: Continuing handshake
[25496:31580:0705/091751.049:VERBOSE1:net\third_party\quiche\src\quiche\quic\core\tls_handshaker.cc:109] TlsClient: Continuing handshake
[25496:31580:0705/091751.050:VERBOSE1:net\base\network_delegate.cc:38] NetworkDelegate::NotifyBeforeURLRequest: http://127.0.0.1:8767/gamba_plus.js
[25496:31580:0705/091751.055:VERBOSE1:net\base\network_delegate.cc:38] NetworkDelegate::NotifyBeforeURLRequest: http://127.0.0.1:8767/tetris.js
[25496:31580:0705/091751.056:VERBOSE1:net\base\network_delegate.cc:38] NetworkDelegate::NotifyBeforeURLRequest: http://127.0.0.1:8767/offline_tv.js
[25496:31580:0705/091751.058:VERBOSE1:net\base\network_delegate.cc:38] NetworkDelegate::NotifyBeforeURLRequest: http://127.0.0.1:8767/offline_tv_games.js
[25496:31580:0705/091751.060:VERBOSE1:net\base\network_delegate.cc:38] NetworkDelegate::NotifyBeforeURLRequest: http://127.0.0.1:8767/radio_comm.js
[25496:31580:0705/091751.060:VERBOSE1:net\base\network_delegate.cc:38] NetworkDelegate::NotifyBeforeURLRequest: http://127.0.0.1:8767/app.js?v=173
[25496:31580:0705/091751.062:VERBOSE1:net\third_party\quiche\src\quiche\quic\core\tls_handshaker.cc:109] TlsClient: Continuing handshake
[25496:31580:0705/091751.153:VERBOSE1:net\base\network_delegate.cc:38] NetworkDelegate::NotifyBeforeURLRequest: https://fonts.gstatic.com/s/spacegrotesk/v22/V8mDoQDjQSkFtoMM3T6r8E7mPbF4Cw.woff2
[25496:31580:0705/091751.154:VERBOSE1:net\base\network_delegate.cc:38] NetworkDelegate::NotifyBeforeURLRequest: https://fonts.gstatic.com/s/jetbrainsmono/v24/tDbv2o-flEEny0FZhsfKu5WU4zr3E_BX0PnT8RD8yKwBNntkaToggR7BYRbKPxDcwg.woff2
[8292:14680:0705/091751.168:VERBOSE1:extensions\renderer\script_context.cc:150] Created context:
  extension id:           (none)
  frame:                  0x3dc40269cc00
  URL:                    
  context_type:           WEB_PAGE
  effective extension id: (none)
  effective context type: WEB_PAGE
[8292:14680:0705/091751.168:VERBOSE1:extensions\renderer\script_context.cc:150] Created context:
  extension id:           (none)
  frame:                  (nil)
  URL:                    
  context_type:           UNSPECIFIED
  effective extension id: (none)
  effective context type: UNSPECIFIED
[8292:14680:0705/091751.168:VERBOSE1:extensions\renderer\dispatcher.cc:493] Num tracked contexts: 2
[31036:30464:0705/091751.260:INFO:CONSOLE:331] "Cyber Casino Engine Loaded.", source: http://127.0.0.1:8767/blackjack.js (331)
[25496:31580:0705/091751.279:VERBOSE1:net\base\network_delegate.cc:38] NetworkDelegate::NotifyBeforeURLRequest: http://127.0.0.1:8767/api/version
[25496:31580:0705/091751.289:VERBOSE1:net\base\network_delegate.cc:38] NetworkDelegate::NotifyBeforeURLRequest: http://127.0.0.1:8767/api/credits
[8292:14680:0705/091751.291:VERBOSE1:third_party\blink\renderer\platform\webrtc\webrtc_logging.cc:35] [WA]AC::AudioContext ({latency_hint=interactive}) [state=suspended sink_descriptor_=, sink_id_given_=false]
[8292:14680:0705/091751.291:VERBOSE1:third_party\blink\renderer\platform\webrtc\webrtc_logging.cc:35] [WA]AH::AudioHandler ({sample_rate=0}) [type=AudioDestinationNode, this=0x60840266A780]
[8292:14680:0705/091751.291:VERBOSE1:third_party\blink\renderer\platform\webrtc\webrtc_logging.cc:35] [WA]RWADI::RendererWebAudioDeviceImpl
[31036:18824:0705/091751.291:VERBOSE1:content\browser\renderer_host\media\media_stream_manager.cc:1499] RFAOSF::RequestDeviceAuthorization({device_id=}) [process_id=5, frame_id=9]
[31036:18824:0705/091751.325:VERBOSE1:content\browser\renderer_host\media\media_stream_manager.cc:1499] RFAOSF::AuthorizationCompleted({status=OK}, {params=format: PCM_LOW_LATENCY, channel_layout: 3, channels: 2, sample_rate: 48000, frames_per_buffer: 480, effects: NONE, mic_positions: , latency_tag: LatencyUnknown, hw_capabilities: min_frames_per_buffer: 480, max_frames_per_buffer: 480, bitstream_formats:0, require_encapsulation:0, require_audio_offload:0}, {device_id=default}) [process_id=5, frame_id=9]
[31036:18824:0705/091751.325:VERBOSE1:content\browser\renderer_host\media\media_stream_manager.cc:1499] RFAOSF::AuthorizationCompleted => (authorization time=33 ms) [process_id=5, frame_id=9]
[8292:14680:0705/091751.326:VERBOSE1:third_party\blink\renderer\platform\webrtc\webrtc_logging.cc:35] [WA]RWADI::RendererWebAudioDeviceImpl => (hardware_params=[format: PCM_LOW_LATENCY, channel_layout: 3, channels: 2, sample_rate: 48000, frames_per_buffer: 480, effects: NONE, mic_positions: , latency_tag: LatencyUnknown, hw_capabilities: min_frames_per_buffer: 480, max_frames_per_buffer: 480, bitstream_formats:0, require_encapsulation:0, require_audio_offload:0])
[8292:14680:0705/091751.326:VERBOSE1:third_party\blink\renderer\platform\webrtc\webrtc_logging.cc:35] [WA]RWADI::RendererWebAudioDeviceImpl => (sink_params=[format: PCM_LOW_LATENCY, channel_layout: 3, channels: 2, sample_rate: 48000, frames_per_buffer: 480, effects: NONE, mic_positions: , latency_tag: LatencyInteractive])
[8292:14680:0705/091751.326:VERBOSE1:third_party\blink\renderer\platform\webrtc\webrtc_logging.cc:35] [WA]AD::AudioDestination ({output_channels=2}) [state=stopped]
[8292:14680:0705/091751.327:VERBOSE1:third_party\blink\renderer\platform\webrtc\webrtc_logging.cc:35] [WA]AD::AudioDestination => (FIFO size=16384 bytes) [state=stopped]
[8292:14680:0705/091751.327:VERBOSE1:third_party\blink\renderer\platform\webrtc\webrtc_logging.cc:35] [WA]AD::AudioDestination => (device callback buffer size=480 frames) [state=stopped]
[8292:14680:0705/091751.327:VERBOSE1:third_party\blink\renderer\platform\webrtc\webrtc_logging.cc:35] [WA]AD::AudioDestination => (device sample rate=48000 Hz) [state=stopped]
[8292:14680:0705/091751.327:VERBOSE1:third_party\blink\renderer\platform\webrtc\webrtc_logging.cc:35] [WA]AD::AudioDestination Output buffer bypass: yes [state=stopped]
[8292:14680:0705/091751.327:VERBOSE1:third_party\blink\renderer\platform\webrtc\webrtc_logging.cc:35] [WA]AD::AudioDestination => (no resampling: context sample rate set to 48000 Hz) [state=stopped]
[8292:14680:0705/091751.327:VERBOSE1:third_party\blink\renderer\platform\webrtc\webrtc_logging.cc:35] [WA]AC::AudioContext => (base latency=0.010 seconds)) [state=suspended sink_descriptor_=, sink_id_given_=false]
[8292:14680:0705/091751.328:VERBOSE1:third_party\blink\renderer\platform\webrtc\webrtc_logging.cc:35] [WA]AH::AudioHandler ({sample_rate=48000}) [type=GainNode, this=0x60840294C7B0]
[8292:14680:0705/091751.328:VERBOSE1:third_party\blink\renderer\platform\webrtc\webrtc_logging.cc:35] [WA]AN::connect ({output=[index:0, type:GainNode, handler:0x60840294C7B0]} --> {input=[index:0, type:AudioDestinationNode, handler:0x60840266A780]})
[8292:14680:0705/091751.328:VERBOSE1:third_party\blink\renderer\platform\webrtc\webrtc_logging.cc:35] [WA]AH::AudioHandler ({sample_rate=48000}) [type=GainNode, this=0x60840294C6E0]
[8292:14680:0705/091751.328:VERBOSE1:third_party\blink\renderer\platform\webrtc\webrtc_logging.cc:35] [WA]AN::connect ({output=[index:0, type:GainNode, handler:0x60840294C6E0]} --> {input=[index:0, type:GainNode, handler:0x60840294C7B0]})
[8292:14680:0705/091751.328:VERBOSE1:third_party\blink\renderer\platform\webrtc\webrtc_logging.cc:35] [WA]AH::AudioHandler ({sample_rate=48000}) [type=GainNode, this=0x60840294C610]
[8292:14680:0705/091751.328:VERBOSE1:third_party\blink\renderer\platform\webrtc\webrtc_logging.cc:35] [WA]AN::connect ({output=[index:0, type:GainNode, handler:0x60840294C610]} --> {input=[index:0, type:GainNode, handler:0x60840294C7B0]})
[8292:14680:0705/091751.331:VERBOSE1:third_party\blink\renderer\platform\webrtc\webrtc_logging.cc:35] [WA]AH::AudioHandler ({sample_rate=48000}) [type=AudioBufferSourceNode, this=0x6084028DB180]
[8292:14680:0705/091751.332:VERBOSE1:third_party\blink\renderer\platform\webrtc\webrtc_logging.cc:35] [WA]AH::AudioHandler ({sample_rate=48000}) [type=BiquadFilterNode, this=0x608403419DC0]
[8292:14680:0705/091751.332:VERBOSE1:third_party\blink\renderer\platform\webrtc\webrtc_logging.cc:35] [WA]AN::connect ({output=[index:0, type:AudioBufferSourceNode, handler:0x6084028DB180]} --> {input=[index:0, type:BiquadFilterNode, handler:0x608403419DC0]})
[8292:14680:0705/091751.332:VERBOSE1:third_party\blink\renderer\platform\webrtc\webrtc_logging.cc:35] [WA]AN::connect ({output=[index:0, type:BiquadFilterNode, handler:0x608403419DC0]} --> {input=[index:0, type:GainNode, handler:0x60840294C6E0]})
[8292:14680:0705/091751.332:VERBOSE1:third_party\blink\renderer\platform\webrtc\webrtc_logging.cc:35] [WA]AH::AudioHandler ({sample_rate=48000}) [type=MediaElementAudioSourceNode, this=0x6084034AC600]
[8292:14680:0705/091751.333:VERBOSE1:third_party\blink\renderer\platform\webrtc\webrtc_logging.cc:35] [WA]AN::connect ({output=[index:0, type:MediaElementAudioSourceNode, handler:0x6084034AC600]} --> {input=[index:0, type:GainNode, handler:0x60840294C610]})
[31036:30464:0705/091751.333:INFO:CONSOLE:516] "The AudioContext was not allowed to start. It must be resumed (or created) after a user gesture on the page. https://developer.chrome.com/blog/autoplay/#web_audio", source: http://127.0.0.1:8767/radio_comm.js (516)
[31036:30464:0705/091751.333:INFO:CONSOLE:668] "The AudioContext was not allowed to start. It must be resumed (or created) after a user gesture on the page. https://developer.chrome.com/blog/autoplay/#web_audio", source: http://127.0.0.1:8767/radio_comm.js (668)
[31036:30464:0705/091751.350:INFO:CONSOLE:212] "[Security Suite] Service Worker registered: http://127.0.0.1:8767/", source: http://127.0.0.1:8767/app.js?v=173 (212)
[31036:30464:0705/091751.352:INFO:CONSOLE:38] "[Security Suite] Dashboard version: 90c8096ba095", source: http://127.0.0.1:8767/app.js?v=173 (38)
[31036:18824:0705/091751.358:VERBOSE1:net\dns\mdns_client_impl.cc:204] Sockets ready:4
[31036:30464:0705/091751.438:VERBOSE1:chrome\browser\web_applications\locks\partitioned_lock_manager.cc:262] Acquiring <PartitionedLockId>{id: 0x31, partition: 0} for SynchronizeInstalledApps@chrome\browser\web_applications\externally_managed_app_manager.cc:186
[31036:30464:0705/091751.438:VERBOSE1:chrome\browser\web_applications\locks\partitioned_lock_manager.cc:243] All locks acquired for SynchronizeInstalledApps@chrome\browser\web_applications\externally_managed_app_manager.cc:186
[31036:30464:0705/091751.439:VERBOSE1:chrome\browser\web_applications\locks\partitioned_lock_manager.cc:286] Releasing <PartitionedLockId>{id: 0x31, partition: 0} requested by SynchronizeInstalledApps@chrome\browser\web_applications\externally_managed_app_manager.cc:186
[31036:30464:0705/091751.439:VERBOSE1:chrome\browser\web_applications\locks\partitioned_lock_manager.cc:262] Acquiring <PartitionedLockId>{id: 0x31, partition: 0} for MaybeStartNext@chrome\browser\web_applications\externally_managed_app_manager.cc:271
[31036:30464:0705/091751.439:VERBOSE1:chrome\browser\web_applications\locks\partitioned_lock_manager.cc:243] All locks acquired for MaybeStartNext@chrome\browser\web_applications\externally_managed_app_manager.cc:271
[31036:30464:0705/091751.440:VERBOSE1:chrome\browser\web_applications\locks\partitioned_lock_manager.cc:262] Acquiring <PartitionedLockId>{id: 0x30, partition: 0} for StartInstallationTask@chrome\browser\web_applications\externally_managed_app_manager.cc:411
[31036:30464:0705/091751.440:VERBOSE1:chrome\browser\web_applications\locks\partitioned_lock_manager.cc:243] All locks acquired for StartInstallationTask@chrome\browser\web_applications\externally_managed_app_manager.cc:411
[31036:30464:0705/091751.440:VERBOSE1:chrome\browser\web_applications\locks\partitioned_lock_manager.cc:286] Releasing <PartitionedLockId>{id: 0x31, partition: 0} requested by MaybeStartNext@chrome\browser\web_applications\externally_managed_app_manager.cc:271
[31036:30464:0705/091751.504:VERBOSE1:components\update_client\url_fetcher_downloader.cc:141] Downloaded 156369 bytes in 1296ms from https://clients2.googleusercontent.com/crx/blobs/AcPRoer2Zc8Cgsxh3W97Ool_-PGKhLaIiI3sel8eaYNhRISQxgF7RAU9V6yJvXw1e7sYHW2j6vqLEhEQKXjZoaglbnja3Q65AdkDVIKRv7wFMJgAqud8KltAaV-Hxvg30NwAxlKa5QTua4OZ5Ic-CUkgokgc_Nvmf1Of/GHBMNNJOOEKPMOECNNNILNNBDLOLHKHI_1_107_1_0.crx to C:\Users\acer\AppData\Local\Temp\chromecrx_chrome_url_fetcher_31036_718281098\GHBMNNJOOEKPMOECNNNILNNBDLOLHKHI_1_107_1_0.crx
[31036:19940:0705/091751.510:VERBOSE1:components\update_client\unpacker.cc:88] Verifying component: C:\Users\acer\AppData\Local\Temp\HeadlessChrome31036379457546\extensions_crx_cache\f83832c37a0969ce89f77b16eaa07457b03f43029abaec00eaedce2674adbaf5
[30616:28816:0705/091751.510:INFO:third_party\webrtc\rtc_base\cpu_info.cc:77] Available number of cores: 8
[31036:19940:0705/091751.513:VERBOSE1:components\update_client\unpacker.cc:123] Unpacking in: C:\Users\acer\AppData\Local\Temp\chromecrx_chrome_Unpacker_BeginUnzipping31036_535934743
[30616:28816:0705/091751.556:VERBOSE1:extensions\renderer\script_context.cc:150] Created context:
  extension id:           (none)
  frame:                  0x351402030d50
  URL:                    
  context_type:           WEB_PAGE
  effective extension id: (none)
  effective context type: WEB_PAGE
[30616:28816:0705/091751.557:VERBOSE1:extensions\renderer\script_context.cc:150] Created context:
  extension id:           (none)
  frame:                  (nil)
  URL:                    
  context_type:           UNSPECIFIED
  effective extension id: (none)
  effective context type: UNSPECIFIED
[30616:28816:0705/091751.557:VERBOSE1:extensions\renderer\dispatcher.cc:493] Num tracked contexts: 1
[31036:30464:0705/091751.562:VERBOSE1:chrome\browser\web_applications\locks\partitioned_lock_manager.cc:262] Acquiring <PartitionedLockId>{id: 0x31, partition: 0} for InstallFromInfo@chrome\browser\web_applications\commands\external_app_resolution_command.cc:741
[31036:30464:0705/091751.562:VERBOSE1:chrome\browser\web_applications\locks\partitioned_lock_manager.cc:262] Acquiring <PartitionedLockId>{id: 0x666d676a6a6d6d6d6c666e6b6270706e636162666b6464626a696d63666e636d, partition: 1} for InstallFromInfo@chrome\browser\web_applications\commands\external_app_resolution_command.cc:741
[31036:30464:0705/091751.563:VERBOSE1:chrome\browser\web_applications\locks\partitioned_lock_manager.cc:243] All locks acquired for InstallFromInfo@chrome\browser\web_applications\commands\external_app_resolution_command.cc:741
[29556:30536:0705/091751.568:INFO:third_party\webrtc\rtc_base\cpu_info.cc:77] Available number of cores: 8
[31036:30464:0705/091751.667:VERBOSE1:chrome\browser\profiles\profile_manager.cc:1408] AddKeepAlive(Default, kWebAppUpdate). keep_alives=[kWaitingForFirstBrowserWindow (1), kOffTheRecordProfile (1), kExtensionUpdater (1), kWebAppUpdate (1)]
[31036:30464:0705/091751.667:VERBOSE1:chrome\browser\web_applications\locks\partitioned_lock_manager.cc:286] Releasing <PartitionedLockId>{id: 0x666d676a6a6d6d6d6c666e6b6270706e636162666b6464626a696d63666e636d, partition: 1} requested by InstallFromInfo@chrome\browser\web_applications\commands\external_app_resolution_command.cc:741
[31036:30464:0705/091751.667:VERBOSE1:chrome\browser\web_applications\locks\partitioned_lock_manager.cc:286] Releasing <PartitionedLockId>{id: 0x31, partition: 0} requested by InstallFromInfo@chrome\browser\web_applications\commands\external_app_resolution_command.cc:741
[31036:30464:0705/091751.667:VERBOSE1:chrome\browser\web_applications\locks\partitioned_lock_manager.cc:286] Releasing <PartitionedLockId>{id: 0x30, partition: 0} requested by StartInstallationTask@chrome\browser\web_applications\externally_managed_app_manager.cc:411
[31036:30464:0705/091751.667:VERBOSE1:chrome\browser\profiles\profile_manager.cc:1469] RemoveKeepAlive(Default, kWebAppUpdate). keep_alives=[kWaitingForFirstBrowserWindow (1), kOffTheRecordProfile (1), kExtensionUpdater (1)]
[31036:30464:0705/091751.670:VERBOSE1:chrome\browser\web_applications\locks\partitioned_lock_manager.cc:262] Acquiring <PartitionedLockId>{id: 0x31, partition: 0} for MaybeStartNext@chrome\browser\web_applications\externally_managed_app_manager.cc:271
[31036:30464:0705/091751.670:VERBOSE1:chrome\browser\web_applications\locks\partitioned_lock_manager.cc:243] All locks acquired for MaybeStartNext@chrome\browser\web_applications\externally_managed_app_manager.cc:271
[31036:30464:0705/091751.671:VERBOSE1:chrome\browser\web_applications\locks\partitioned_lock_manager.cc:262] Acquiring <PartitionedLockId>{id: 0x30, partition: 0} for StartInstallationTask@chrome\browser\web_applications\externally_managed_app_manager.cc:411
[31036:30464:0705/091751.671:VERBOSE1:chrome\browser\web_applications\locks\partitioned_lock_manager.cc:243] All locks acquired for StartInstallationTask@chrome\browser\web_applications\externally_managed_app_manager.cc:411
[31036:30464:0705/091751.671:VERBOSE1:chrome\browser\web_applications\locks\partitioned_lock_manager.cc:286] Releasing <PartitionedLockId>{id: 0x31, partition: 0} requested by MaybeStartNext@chrome\browser\web_applications\externally_managed_app_manager.cc:271
[29556:30536:0705/091751.691:VERBOSE1:extensions\renderer\script_context.cc:150] Created context:
  extension id:           (none)
  frame:                  0x2a1402030d50
  URL:                    
  context_type:           WEB_PAGE
  effective extension id: (none)
  effective context type: WEB_PAGE
[29556:30536:0705/091751.691:VERBOSE1:extensions\renderer\script_context.cc:150] Created context:
  extension id:           (none)
  frame:                  (nil)
  URL:                    
  context_type:           UNSPECIFIED
  effective extension id: (none)
  effective context type: UNSPECIFIED
[29556:30536:0705/091751.692:VERBOSE1:extensions\renderer\dispatcher.cc:493] Num tracked contexts: 1
[31036:30464:0705/091751.697:VERBOSE1:chrome\browser\web_applications\locks\partitioned_lock_manager.cc:262] Acquiring <PartitionedLockId>{id: 0x31, partition: 0} for InstallFromInfo@chrome\browser\web_applications\commands\external_app_resolution_command.cc:741
[31036:30464:0705/091751.697:VERBOSE1:chrome\browser\web_applications\locks\partitioned_lock_manager.cc:262] Acquiring <PartitionedLockId>{id: 0x6d706e706f6a6b6e706d6d6f706f6d626e6a646367616169656b616a626e6a62, partition: 1} for InstallFromInfo@chrome\browser\web_applications\commands\external_app_resolution_command.cc:741
[31036:30464:0705/091751.697:VERBOSE1:chrome\browser\web_applications\locks\partitioned_lock_manager.cc:243] All locks acquired for InstallFromInfo@chrome\browser\web_applications\commands\external_app_resolution_command.cc:741
[31036:30464:0705/091751.774:VERBOSE1:chrome\browser\profiles\profile_manager.cc:1408] AddKeepAlive(Default, kWebAppUpdate). keep_alives=[kWaitingForFirstBrowserWindow (1), kOffTheRecordProfile (1), kExtensionUpdater (1), kWebAppUpdate (1)]
[31036:30464:0705/091751.775:VERBOSE1:chrome\browser\web_applications\locks\partitioned_lock_manager.cc:286] Releasing <PartitionedLockId>{id: 0x6d706e706f6a6b6e706d6d6f706f6d626e6a646367616169656b616a626e6a62, partition: 1} requested by InstallFromInfo@chrome\browser\web_applications\commands\external_app_resolution_command.cc:741
[31036:30464:0705/091751.775:VERBOSE1:chrome\browser\web_applications\locks\partitioned_lock_manager.cc:286] Releasing <PartitionedLockId>{id: 0x31, partition: 0} requested by InstallFromInfo@chrome\browser\web_applications\commands\external_app_resolution_command.cc:741
[31036:30464:0705/091751.775:VERBOSE1:chrome\browser\web_applications\locks\partitioned_lock_manager.cc:286] Releasing <PartitionedLockId>{id: 0x30, partition: 0} requested by StartInstallationTask@chrome\browser\web_applications\externally_managed_app_manager.cc:411
[31036:30464:0705/091751.775:VERBOSE1:chrome\browser\profiles\profile_manager.cc:1469] RemoveKeepAlive(Default, kWebAppUpdate). keep_alives=[kWaitingForFirstBrowserWindow (1), kOffTheRecordProfile (1), kExtensionUpdater (1)]
[31036:30464:0705/091751.778:VERBOSE1:chrome\browser\web_applications\locks\partitioned_lock_manager.cc:262] Acquiring <PartitionedLockId>{id: 0x31, partition: 0} for MaybeStartNext@chrome\browser\web_applications\externally_managed_app_manager.cc:271
[31036:30464:0705/091751.778:VERBOSE1:chrome\browser\web_applications\locks\partitioned_lock_manager.cc:243] All locks acquired for MaybeStartNext@chrome\browser\web_applications\externally_managed_app_manager.cc:271
[31036:30464:0705/091751.779:VERBOSE1:chrome\browser\web_applications\locks\partitioned_lock_manager.cc:262] Acquiring <PartitionedLockId>{id: 0x30, partition: 0} for StartInstallationTask@chrome\browser\web_applications\externally_managed_app_manager.cc:411
[31036:30464:0705/091751.779:VERBOSE1:chrome\browser\web_applications\locks\partitioned_lock_manager.cc:243] All locks acquired for StartInstallationTask@chrome\browser\web_applications\externally_managed_app_manager.cc:411
[31036:30464:0705/091751.779:VERBOSE1:chrome\browser\web_applications\locks\partitioned_lock_manager.cc:286] Releasing <PartitionedLockId>{id: 0x31, partition: 0} requested by MaybeStartNext@chrome\browser\web_applications\externally_managed_app_manager.cc:271
[29756:7492:0705/091751.828:INFO:third_party\webrtc\rtc_base\cpu_info.cc:77] Available number of cores: 8
[29756:7492:0705/091751.867:VERBOSE1:extensions\renderer\script_context.cc:150] Created context:
  extension id:           (none)
  frame:                  0x679c02030d50
  URL:                    
  context_type:           WEB_PAGE
  effective extension id: (none)
  effective context type: WEB_PAGE
[29756:7492:0705/091751.868:VERBOSE1:extensions\renderer\script_context.cc:150] Created context:
  extension id:           (none)
  frame:                  (nil)
  URL:                    
  context_type:           UNSPECIFIED
  effective extension id: (none)
  effective context type: UNSPECIFIED
[29756:7492:0705/091751.868:VERBOSE1:extensions\renderer\dispatcher.cc:493] Num tracked contexts: 1
[31036:30464:0705/091751.872:VERBOSE1:chrome\browser\web_applications\locks\partitioned_lock_manager.cc:262] Acquiring <PartitionedLockId>{id: 0x31, partition: 0} for InstallFromInfo@chrome\browser\web_applications\commands\external_app_resolution_command.cc:741
[31036:30464:0705/091751.872:VERBOSE1:chrome\browser\web_applications\locks\partitioned_lock_manager.cc:262] Acquiring <PartitionedLockId>{id: 0x61676862696168627061696a69676e6365696465706f6f6b6c6a65626866616b, partition: 1} for InstallFromInfo@chrome\browser\web_applications\commands\external_app_resolution_command.cc:741
[31036:30464:0705/091751.872:VERBOSE1:chrome\browser\web_applications\locks\partitioned_lock_manager.cc:243] All locks acquired for InstallFromInfo@chrome\browser\web_applications\commands\external_app_resolution_command.cc:741
[31036:30464:0705/091751.971:VERBOSE1:chrome\browser\profiles\profile_manager.cc:1408] AddKeepAlive(Default, kWebAppUpdate). keep_alives=[kWaitingForFirstBrowserWindow (1), kOffTheRecordProfile (1), kExtensionUpdater (1), kWebAppUpdate (1)]
[31036:30464:0705/091751.971:VERBOSE1:chrome\browser\web_applications\locks\partitioned_lock_manager.cc:286] Releasing <PartitionedLockId>{id: 0x61676862696168627061696a69676e6365696465706f6f6b6c6a65626866616b, partition: 1} requested by InstallFromInfo@chrome\browser\web_applications\commands\external_app_resolution_command.cc:741
[31036:30464:0705/091751.971:VERBOSE1:chrome\browser\web_applications\locks\partitioned_lock_manager.cc:286] Releasing <PartitionedLockId>{id: 0x31, partition: 0} requested by InstallFromInfo@chrome\browser\web_applications\commands\external_app_resolution_command.cc:741
[31036:30464:0705/091751.971:VERBOSE1:chrome\browser\web_applications\locks\partitioned_lock_manager.cc:286] Releasing <PartitionedLockId>{id: 0x30, partition: 0} requested by StartInstallationTask@chrome\browser\web_applications\externally_managed_app_manager.cc:411
[31036:30464:0705/091751.971:VERBOSE1:chrome\browser\profiles\profile_manager.cc:1469] RemoveKeepAlive(Default, kWebAppUpdate). keep_alives=[kWaitingForFirstBrowserWindow (1), kOffTheRecordProfile (1), kExtensionUpdater (1)]
[31036:30464:0705/091751.975:VERBOSE1:chrome\browser\web_applications\locks\partitioned_lock_manager.cc:262] Acquiring <PartitionedLockId>{id: 0x31, partition: 0} for MaybeStartNext@chrome\browser\web_applications\externally_managed_app_manager.cc:271
[31036:30464:0705/091751.975:VERBOSE1:chrome\browser\web_applications\locks\partitioned_lock_manager.cc:243] All locks acquired for MaybeStartNext@chrome\browser\web_applications\externally_managed_app_manager.cc:271
[25496:31580:0705/091751.975:VERBOSE1:net\base\network_delegate.cc:38] NetworkDelegate::NotifyBeforeURLRequest: https://android.clients.google.com/checkin
[31036:30464:0705/091751.976:VERBOSE1:chrome\browser\web_applications\locks\partitioned_lock_manager.cc:262] Acquiring <PartitionedLockId>{id: 0x30, partition: 0} for StartInstallationTask@chrome\browser\web_applications\externally_managed_app_manager.cc:411
[31036:30464:0705/091751.976:VERBOSE1:chrome\browser\web_applications\locks\partitioned_lock_manager.cc:243] All locks acquired for StartInstallationTask@chrome\browser\web_applications\externally_managed_app_manager.cc:411
[31036:30464:0705/091751.976:VERBOSE1:chrome\browser\web_applications\locks\partitioned_lock_manager.cc:286] Releasing <PartitionedLockId>{id: 0x31, partition: 0} requested by MaybeStartNext@chrome\browser\web_applications\externally_managed_app_manager.cc:271
[19764:31720:0705/091752.031:INFO:third_party\webrtc\rtc_base\cpu_info.cc:77] Available number of cores: 8
[19764:31720:0705/091752.067:VERBOSE1:extensions\renderer\script_context.cc:150] Created context:
  extension id:           (none)
  frame:                  0x42e402030d50
  URL:                    
  context_type:           WEB_PAGE
  effective extension id: (none)
  effective context type: WEB_PAGE
[19764:31720:0705/091752.068:VERBOSE1:extensions\renderer\script_context.cc:150] Created context:
  extension id:           (none)
  frame:                  (nil)
  URL:                    
  context_type:           UNSPECIFIED
  effective extension id: (none)
  effective context type: UNSPECIFIED
[19764:31720:0705/091752.068:VERBOSE1:extensions\renderer\dispatcher.cc:493] Num tracked contexts: 1
[31036:30464:0705/091752.071:VERBOSE1:chrome\browser\web_applications\locks\partitioned_lock_manager.cc:262] Acquiring <PartitionedLockId>{id: 0x31, partition: 0} for InstallFromInfo@chrome\browser\web_applications\commands\external_app_resolution_command.cc:741
[31036:30464:0705/091752.071:VERBOSE1:chrome\browser\web_applications\locks\partitioned_lock_manager.cc:262] Acquiring <PartitionedLockId>{id: 0x6668696870696f6a6b626d6270646a656f616a61706d676b686c6e616b666a66, partition: 1} for InstallFromInfo@chrome\browser\web_applications\commands\external_app_resolution_command.cc:741
[31036:30464:0705/091752.071:VERBOSE1:chrome\browser\web_applications\locks\partitioned_lock_manager.cc:243] All locks acquired for InstallFromInfo@chrome\browser\web_applications\commands\external_app_resolution_command.cc:741
[31036:30464:0705/091752.101:VERBOSE1:chrome\browser\profiles\profile_manager.cc:1408] AddKeepAlive(Default, kExtensionUpdater). keep_alives=[kWaitingForFirstBrowserWindow (1), kOffTheRecordProfile (1), kExtensionUpdater (2)]
[31036:30464:0705/091752.108:VERBOSE1:chrome\browser\profiles\profile_manager.cc:1408] AddKeepAlive(Default, kWebAppUpdate). keep_alives=[kWaitingForFirstBrowserWindow (1), kOffTheRecordProfile (1), kExtensionUpdater (2), kWebAppUpdate (1)]
[31036:30464:0705/091752.110:VERBOSE1:chrome\browser\web_applications\locks\partitioned_lock_manager.cc:286] Releasing <PartitionedLockId>{id: 0x6668696870696f6a6b626d6270646a656f616a61706d676b686c6e616b666a66, partition: 1} requested by InstallFromInfo@chrome\browser\web_applications\commands\external_app_resolution_command.cc:741
[31036:30464:0705/091752.110:VERBOSE1:chrome\browser\web_applications\locks\partitioned_lock_manager.cc:286] Releasing <PartitionedLockId>{id: 0x31, partition: 0} requested by InstallFromInfo@chrome\browser\web_applications\commands\external_app_resolution_command.cc:741
[31036:30464:0705/091752.110:VERBOSE1:chrome\browser\web_applications\locks\partitioned_lock_manager.cc:286] Releasing <PartitionedLockId>{id: 0x30, partition: 0} requested by StartInstallationTask@chrome\browser\web_applications\externally_managed_app_manager.cc:411
[31036:30464:0705/091752.110:VERBOSE1:chrome\browser\profiles\profile_manager.cc:1469] RemoveKeepAlive(Default, kWebAppUpdate). keep_alives=[kWaitingForFirstBrowserWindow (1), kOffTheRecordProfile (1), kExtensionUpdater (2)]
[31036:30464:0705/091752.111:VERBOSE1:chrome\browser\web_applications\locks\partitioned_lock_manager.cc:262] Acquiring <PartitionedLockId>{id: 0x31, partition: 0} for MaybeStartNext@chrome\browser\web_applications\externally_managed_app_manager.cc:271
[31036:30464:0705/091752.111:VERBOSE1:chrome\browser\web_applications\locks\partitioned_lock_manager.cc:243] All locks acquired for MaybeStartNext@chrome\browser\web_applications\externally_managed_app_manager.cc:271
[31036:30464:0705/091752.111:VERBOSE1:chrome\browser\web_applications\locks\partitioned_lock_manager.cc:262] Acquiring <PartitionedLockId>{id: 0x30, partition: 0} for StartInstallationTask@chrome\browser\web_applications\externally_managed_app_manager.cc:411
[31036:30464:0705/091752.111:VERBOSE1:chrome\browser\web_applications\locks\partitioned_lock_manager.cc:243] All locks acquired for StartInstallationTask@chrome\browser\web_applications\externally_managed_app_manager.cc:411
[31036:30464:0705/091752.111:VERBOSE1:chrome\browser\web_applications\locks\partitioned_lock_manager.cc:286] Releasing <PartitionedLockId>{id: 0x31, partition: 0} requested by MaybeStartNext@chrome\browser\web_applications\externally_managed_app_manager.cc:271
[29128:31596:0705/091752.151:INFO:third_party\webrtc\rtc_base\cpu_info.cc:77] Available number of cores: 8
[25496:31580:0705/091752.174:VERBOSE1:net\base\network_delegate.cc:38] NetworkDelegate::NotifyBeforeURLRequest: https://android.clients.google.com/c2dm/register3
[25496:31580:0705/091752.175:VERBOSE1:net\third_party\quiche\src\quiche\quic\core\tls_handshaker.cc:109] TlsClient: Continuing handshake
[25496:31580:0705/091752.176:VERBOSE1:net\base\network_delegate.cc:38] NetworkDelegate::NotifyBeforeURLRequest: https://android.clients.google.com/c2dm/register3
[25496:31580:0705/091752.176:VERBOSE1:net\base\network_delegate.cc:38] NetworkDelegate::NotifyBeforeURLRequest: https://android.clients.google.com/c2dm/register3
[25496:31580:0705/091752.185:VERBOSE1:net\third_party\quiche\src\quiche\quic\core\tls_handshaker.cc:109] TlsClient: Continuing handshake
[25496:31580:0705/091752.185:VERBOSE1:net\third_party\quiche\src\quiche\quic\core\tls_handshaker.cc:109] TlsClient: Continuing handshake
[29128:31596:0705/091752.186:VERBOSE1:extensions\renderer\script_context.cc:150] Created context:
  extension id:           (none)
  frame:                  0x279402030d50
  URL:                    
  context_type:           WEB_PAGE
  effective extension id: (none)
  effective context type: WEB_PAGE
[29128:31596:0705/091752.187:VERBOSE1:extensions\renderer\script_context.cc:150] Created context:
  extension id:           (none)
  frame:                  (nil)
  URL:                    
  context_type:           UNSPECIFIED
  effective extension id: (none)
  effective context type: UNSPECIFIED
[29128:31596:0705/091752.187:VERBOSE1:extensions\renderer\dispatcher.cc:493] Num tracked contexts: 1
[31036:30464:0705/091752.190:VERBOSE1:chrome\browser\web_applications\locks\partitioned_lock_manager.cc:262] Acquiring <PartitionedLockId>{id: 0x31, partition: 0} for InstallFromInfo@chrome\browser\web_applications\commands\external_app_resolution_command.cc:741
[31036:30464:0705/091752.190:VERBOSE1:chrome\browser\web_applications\locks\partitioned_lock_manager.cc:262] Acquiring <PartitionedLockId>{id: 0x6b65666a6c65646f6e6b6c696a6f706d6e6f6d6c6362706c6c63686169626167, partition: 1} for InstallFromInfo@chrome\browser\web_applications\commands\external_app_resolution_command.cc:741
[31036:30464:0705/091752.190:VERBOSE1:chrome\browser\web_applications\locks\partitioned_lock_manager.cc:243] All locks acquired for InstallFromInfo@chrome\browser\web_applications\commands\external_app_resolution_command.cc:741
[25496:31580:0705/091752.198:VERBOSE1:net\third_party\quiche\src\quiche\quic\core\tls_handshaker.cc:109] TlsClient: Continuing handshake
[25496:31580:0705/091752.198:VERBOSE1:net\third_party\quiche\src\quiche\quic\core\tls_handshaker.cc:109] TlsClient: Continuing handshake
[25496:31580:0705/091752.201:VERBOSE1:net\third_party\quiche\src\quiche\quic\core\tls_handshaker.cc:109] TlsClient: Continuing handshake
[31036:30464:0705/091752.229:VERBOSE1:components\segmentation_platform\internal\selection\segment_result_provider.cc:226] GetCachedModelScore: segment=OPTIMIZATION_TARGET_SEGMENTATION_CHROME_LOW_USER_ENGAGEMENT does not have a segment info.
[31036:30464:0705/091752.229:VERBOSE1:components\segmentation_platform\internal\selection\segment_result_provider.cc:172] OnGotModelScore: segment=OPTIMIZATION_TARGET_SEGMENTATION_CHROME_LOW_USER_ENGAGEMENT failed to get score from database, executing server model.
[31036:30464:0705/091752.229:VERBOSE1:components\segmentation_platform\internal\selection\segment_result_provider.cc:277] ExecuteModelAndGetScore: segment=OPTIMIZATION_TARGET_SEGMENTATION_CHROME_LOW_USER_ENGAGEMENT server segment info not available
[31036:30464:0705/091752.229:VERBOSE1:components\segmentation_platform\internal\selection\segment_result_provider.cc:201] OnGotModelScore: segment=OPTIMIZATION_TARGET_SEGMENTATION_CHROME_LOW_USER_ENGAGEMENT failed to get score from executing server model, getting score from default model from db.
[31036:30464:0705/091752.229:VERBOSE1:components\segmentation_platform\internal\selection\segment_result_provider.cc:240] GetCachedModelScore: segment=OPTIMIZATION_TARGET_SEGMENTATION_CHROME_LOW_USER_ENGAGEMENT has expired or unavailable result.
[31036:30464:0705/091752.229:VERBOSE1:components\segmentation_platform\internal\selection\segment_result_provider.cc:210] OnGotModelScore: segment=OPTIMIZATION_TARGET_SEGMENTATION_CHROME_LOW_USER_ENGAGEMENT failed to get database model score, trying default model.
[31036:30464:0705/091752.229:VERBOSE1:components\segmentation_platform\internal\selection\segment_result_provider.cc:295] ExecuteModelAndGetScore: segment=OPTIMIZATION_TARGET_SEGMENTATION_CHROME_LOW_USER_ENGAGEMENT signal collection not met
[31036:30464:0705/091752.229:VERBOSE1:components\segmentation_platform\internal\selection\segment_result_provider.cc:226] GetCachedModelScore: segment=OPTIMIZATION_TARGET_SEGMENTATION_SEARCH_USER does not have a segment info.
[31036:30464:0705/091752.229:VERBOSE1:components\segmentation_platform\internal\selection\segment_result_provider.cc:172] OnGotModelScore: segment=OPTIMIZATION_TARGET_SEGMENTATION_SEARCH_USER failed to get score from database, executing server model.
[31036:30464:0705/091752.229:VERBOSE1:components\segmentation_platform\internal\selection\segment_result_provider.cc:277] ExecuteModelAndGetScore: segment=OPTIMIZATION_TARGET_SEGMENTATION_SEARCH_USER server segment info not available
[31036:30464:0705/091752.229:VERBOSE1:components\segmentation_platform\internal\selection\segment_result_provider.cc:201] OnGotModelScore: segment=OPTIMIZATION_TARGET_SEGMENTATION_SEARCH_USER failed to get score from executing server model, getting score from default model from db.
[31036:30464:0705/091752.229:VERBOSE1:components\segmentation_platform\internal\selection\segment_result_provider.cc:240] GetCachedModelScore: segment=OPTIMIZATION_TARGET_SEGMENTATION_SEARCH_USER has expired or unavailable result.
[31036:30464:0705/091752.229:VERBOSE1:components\segmentation_platform\internal\selection\segment_result_provider.cc:210] OnGotModelScore: segment=OPTIMIZATION_TARGET_SEGMENTATION_SEARCH_USER failed to get database model score, trying default model.
[31036:30464:0705/091752.229:VERBOSE1:components\segmentation_platform\internal\selection\segment_result_provider.cc:295] ExecuteModelAndGetScore: segment=OPTIMIZATION_TARGET_SEGMENTATION_SEARCH_USER signal collection not met
[31036:30464:0705/091752.229:VERBOSE1:components\segmentation_platform\internal\selection\segment_result_provider.cc:226] GetCachedModelScore: segment=OPTIMIZATION_TARGET_SEGMENTATION_SHOPPING_USER does not have a segment info.
[31036:30464:0705/091752.229:VERBOSE1:components\segmentation_platform\internal\selection\segment_result_provider.cc:172] OnGotModelScore: segment=OPTIMIZATION_TARGET_SEGMENTATION_SHOPPING_USER failed to get score from database, executing server model.
[31036:30464:0705/091752.229:VERBOSE1:components\segmentation_platform\internal\selection\segment_result_provider.cc:277] ExecuteModelAndGetScore: segment=OPTIMIZATION_TARGET_SEGMENTATION_SHOPPING_USER server segment info not available
[31036:30464:0705/091752.229:VERBOSE1:components\segmentation_platform\internal\selection\segment_result_provider.cc:201] OnGotModelScore: segment=OPTIMIZATION_TARGET_SEGMENTATION_SHOPPING_USER failed to get score from executing server model, getting score from default model from db.
[31036:30464:0705/091752.229:VERBOSE1:components\segmentation_platform\internal\selection\segment_result_provider.cc:240] GetCachedModelScore: segment=OPTIMIZATION_TARGET_SEGMENTATION_SHOPPING_USER has expired or unavailable result.
[31036:30464:0705/091752.229:VERBOSE1:components\segmentation_platform\internal\selection\segment_result_provider.cc:210] OnGotModelScore: segment=OPTIMIZATION_TARGET_SEGMENTATION_SHOPPING_USER failed to get database model score, trying default model.
[31036:30464:0705/091752.229:VERBOSE1:components\segmentation_platform\internal\selection\segment_result_provider.cc:226] GetCachedModelScore: segment=CROSS_DEVICE_USER_SEGMENT does not have a segment info.
[31036:30464:0705/091752.229:VERBOSE1:components\segmentation_platform\internal\selection\segment_result_provider.cc:172] OnGotModelScore: segment=CROSS_DEVICE_USER_SEGMENT failed to get score from database, executing server model.
[31036:30464:0705/091752.229:VERBOSE1:components\segmentation_platform\internal\selection\segment_result_provider.cc:277] ExecuteModelAndGetScore: segment=CROSS_DEVICE_USER_SEGMENT server segment info not available
[31036:30464:0705/091752.229:VERBOSE1:components\segmentation_platform\internal\selection\segment_result_provider.cc:201] OnGotModelScore: segment=CROSS_DEVICE_USER_SEGMENT failed to get score from executing server model, getting score from default model from db.
[31036:30464:0705/091752.230:VERBOSE1:components\segmentation_platform\internal\selection\segment_result_provider.cc:240] GetCachedModelScore: segment=CROSS_DEVICE_USER_SEGMENT has expired or unavailable result.
[31036:30464:0705/091752.230:VERBOSE1:components\segmentation_platform\internal\selection\segment_result_provider.cc:210] OnGotModelScore: segment=CROSS_DEVICE_USER_SEGMENT failed to get database model score, trying default model.
[31036:30464:0705/091752.230:VERBOSE1:components\segmentation_platform\internal\selection\segment_result_provider.cc:295] ExecuteModelAndGetScore: segment=CROSS_DEVICE_USER_SEGMENT signal collection not met
[31036:30464:0705/091752.230:VERBOSE1:components\segmentation_platform\internal\selection\segment_result_provider.cc:226] GetCachedModelScore: segment=RESUME_HEAVY_USER_SEGMENT does not have a segment info.
[31036:30464:0705/091752.230:VERBOSE1:components\segmentation_platform\internal\selection\segment_result_provider.cc:172] OnGotModelScore: segment=RESUME_HEAVY_USER_SEGMENT failed to get score from database, executing server model.
[31036:30464:0705/091752.230:VERBOSE1:components\segmentation_platform\internal\selection\segment_result_provider.cc:277] ExecuteModelAndGetScore: segment=RESUME_HEAVY_USER_SEGMENT server segment info not available
[31036:30464:0705/091752.230:VERBOSE1:components\segmentation_platform\internal\selection\segment_result_provider.cc:201] OnGotModelScore: segment=RESUME_HEAVY_USER_SEGMENT failed to get score from executing server model, getting score from default model from db.
[31036:30464:0705/091752.230:VERBOSE1:components\segmentation_platform\internal\selection\segment_result_provider.cc:240] GetCachedModelScore: segment=RESUME_HEAVY_USER_SEGMENT has expired or unavailable result.
[31036:30464:0705/091752.230:VERBOSE1:components\segmentation_platform\internal\selection\segment_result_provider.cc:210] OnGotModelScore: segment=RESUME_HEAVY_USER_SEGMENT failed to get database model score, trying default model.
[31036:30464:0705/091752.230:VERBOSE1:components\segmentation_platform\internal\selection\segment_result_provider.cc:295] ExecuteModelAndGetScore: segment=RESUME_HEAVY_USER_SEGMENT signal collection not met
[31036:30464:0705/091752.230:VERBOSE1:components\segmentation_platform\internal\selection\segment_result_provider.cc:226] GetCachedModelScore: segment=PASSWORD_MANAGER_USER does not have a segment info.
[31036:30464:0705/091752.230:VERBOSE1:components\segmentation_platform\internal\selection\segment_result_provider.cc:172] OnGotModelScore: segment=PASSWORD_MANAGER_USER failed to get score from database, executing server model.
[31036:21800:0705/091752.230:VERBOSE1:components\segmentation_platform\internal\database\ukm_database_backend.cc:352] Output from SQL query SELECT IFNULL(COUNT(metric_value),0)FROM uma_metrics WHERE metric_hash='1A94D82447638877' AND profile_id=? AND type=? AND metric_value IN(1)AND event_timestamp BETWEEN ? AND ? Bind values: 0:3685230073 1:2 2:2026-06-28 03:47:52.230153 UTC 3:2026-07-05 03:47:52.230153 UTC  Result: 0.000000,
[31036:30464:0705/091752.230:VERBOSE1:components\segmentation_platform\internal\selection\segment_result_provider.cc:277] ExecuteModelAndGetScore: segment=PASSWORD_MANAGER_USER server segment info not available
[31036:30464:0705/091752.230:VERBOSE1:components\segmentation_platform\internal\selection\segment_result_provider.cc:201] OnGotModelScore: segment=PASSWORD_MANAGER_USER failed to get score from executing server model, getting score from default model from db.
[31036:30464:0705/091752.230:VERBOSE1:components\segmentation_platform\internal\selection\segment_result_provider.cc:240] GetCachedModelScore: segment=PASSWORD_MANAGER_USER has expired or unavailable result.
[31036:30464:0705/091752.230:VERBOSE1:components\segmentation_platform\internal\selection\segment_result_provider.cc:210] OnGotModelScore: segment=PASSWORD_MANAGER_USER failed to get database model score, trying default model.
[31036:21800:0705/091752.230:VERBOSE1:components\segmentation_platform\internal\database\ukm_database_backend.cc:352] Output from SQL query SELECT IFNULL(COUNT(metric_value),0)FROM uma_metrics WHERE metric_hash='8A5076C9026398BD' AND profile_id=? AND type=? AND event_timestamp BETWEEN ? AND ? Bind values: 0:3685230073 1:1 2:2026-06-28 03:47:52.230153 UTC 3:2026-07-05 03:47:52.230153 UTC  Result: 0.000000,
[31036:30464:0705/091752.230:VERBOSE1:components\segmentation_platform\internal\selection\segment_result_provider.cc:295] ExecuteModelAndGetScore: segment=PASSWORD_MANAGER_USER signal collection not met
[31036:30464:0705/091752.230:VERBOSE1:components\segmentation_platform\internal\selection\segment_result_provider.cc:226] GetCachedModelScore: segment=CHROME_USER_ENGAGEMENT does not have a segment info.
[31036:30464:0705/091752.230:VERBOSE1:components\segmentation_platform\internal\selection\segment_result_provider.cc:172] OnGotModelScore: segment=CHROME_USER_ENGAGEMENT failed to get score from database, executing server model.
[31036:30464:0705/091752.230:VERBOSE1:components\segmentation_platform\internal\selection\segment_result_provider.cc:277] ExecuteModelAndGetScore: segment=CHROME_USER_ENGAGEMENT server segment info not available
[31036:30464:0705/091752.230:VERBOSE1:components\segmentation_platform\internal\selection\segment_result_provider.cc:201] OnGotModelScore: segment=CHROME_USER_ENGAGEMENT failed to get score from executing server model, getting score from default model from db.
[31036:30464:0705/091752.230:VERBOSE1:components\segmentation_platform\internal\selection\segment_result_provider.cc:240] GetCachedModelScore: segment=CHROME_USER_ENGAGEMENT has expired or unavailable result.
[31036:30464:0705/091752.230:VERBOSE1:components\segmentation_platform\internal\selection\segment_result_provider.cc:210] OnGotModelScore: segment=CHROME_USER_ENGAGEMENT failed to get database model score, trying default model.
[31036:21800:0705/091752.230:VERBOSE1:components\segmentation_platform\internal\database\ukm_database_backend.cc:352] Output from SQL query SELECT COALESCE((SELECT metric_value FROM uma_metrics WHERE metric_hash='ED7CFEC70BF9942D' AND profile_id=? AND type=? AND event_timestamp BETWEEN ? AND ? ORDER BY event_timestamp DESC,id DESC LIMIT 1),0.000000) Bind values: 0:3685230073 1:3 2:2026-06-28 03:47:52.230153 UTC 3:2026-07-05 03:47:52.230153 UTC  Result: 0.000000,
[31036:30464:0705/091752.230:VERBOSE1:components\segmentation_platform\internal\selection\segment_result_provider.cc:295] ExecuteModelAndGetScore: segment=CHROME_USER_ENGAGEMENT signal collection not met
[31036:30464:0705/091752.230:VERBOSE1:chrome\browser\profiles\profile_manager.cc:1408] AddKeepAlive(Default, kWebAppUpdate). keep_alives=[kWaitingForFirstBrowserWindow (1), kOffTheRecordProfile (1), kExtensionUpdater (2), kWebAppUpdate (1)]
[31036:30464:0705/091752.230:VERBOSE1:chrome\browser\web_applications\locks\partitioned_lock_manager.cc:286] Releasing <PartitionedLockId>{id: 0x6b65666a6c65646f6e6b6c696a6f706d6e6f6d6c6362706c6c63686169626167, partition: 1} requested by InstallFromInfo@chrome\browser\web_applications\commands\external_app_resolution_command.cc:741
[31036:30464:0705/091752.231:VERBOSE1:chrome\browser\web_applications\locks\partitioned_lock_manager.cc:286] Releasing <PartitionedLockId>{id: 0x31, partition: 0} requested by InstallFromInfo@chrome\browser\web_applications\commands\external_app_resolution_command.cc:741
[31036:30464:0705/091752.231:VERBOSE1:chrome\browser\web_applications\locks\partitioned_lock_manager.cc:286] Releasing <PartitionedLockId>{id: 0x30, partition: 0} requested by StartInstallationTask@chrome\browser\web_applications\externally_managed_app_manager.cc:411
[31036:30464:0705/091752.231:VERBOSE1:components\segmentation_platform\internal\execution\model_executor_impl.cc:189] Segmentation model input:  feature 0: 0 feature 1: 0 feature 2: 0 feature 3: 0 for segment OPTIMIZATION_TARGET_SEGMENTATION_SHOPPING_USER
[31036:30464:0705/091752.231:VERBOSE1:chrome\browser\profiles\profile_manager.cc:1469] RemoveKeepAlive(Default, kWebAppUpdate). keep_alives=[kWaitingForFirstBrowserWindow (1), kOffTheRecordProfile (1), kExtensionUpdater (2)]
[31036:30464:0705/091752.233:VERBOSE1:chrome\browser\web_applications\locks\partitioned_lock_manager.cc:262] Acquiring <PartitionedLockId>{id: 0x31, partition: 0} for MaybeStartNext@chrome\browser\web_applications\externally_managed_app_manager.cc:271
[31036:30464:0705/091752.234:VERBOSE1:chrome\browser\web_applications\locks\partitioned_lock_manager.cc:243] All locks acquired for MaybeStartNext@chrome\browser\web_applications\externally_managed_app_manager.cc:271
[31036:30464:0705/091752.234:VERBOSE1:components\segmentation_platform\internal\execution\model_executor_impl.cc:218] Segmentation model result:  output 0: 0 for segment OPTIMIZATION_TARGET_SEGMENTATION_SHOPPING_USER
[31036:30464:0705/091752.234:VERBOSE1:components\segmentation_platform\internal\execution\model_executor_impl.cc:276] Model: OPTIMIZATION_TARGET_SEGMENTATION_SHOPPING_USER version: 3 execution status: 0, output size: 1
[31036:30464:0705/091752.234:VERBOSE1:components\segmentation_platform\internal\selection\segment_result_provider.cc:29] ComputeDiscreteMapping: segment=: result=0, rank=0
[31036:30464:0705/091752.234:VERBOSE1:components\segmentation_platform\internal\selection\segment_result_provider.cc:359] OnModelExecuted: Default model executed successfully. Result: PredictionResult: timestamp: 13427696872235090 result 0: 0 for segment OPTIMIZATION_TARGET_SEGMENTATION_SHOPPING_USER
[31036:30464:0705/091752.234:VERBOSE1:components\segmentation_platform\internal\database\segment_info_database.cc:208] SaveSegmentResult: saving: PredictionResult: timestamp: 13427696872235090 result 0: 0 for segment id: OPTIMIZATION_TARGET_SEGMENTATION_SHOPPING_USER
[31036:30464:0705/091752.234:VERBOSE1:chrome\browser\web_applications\locks\partitioned_lock_manager.cc:262] Acquiring <PartitionedLockId>{id: 0x30, partition: 0} for StartInstallationTask@chrome\browser\web_applications\externally_managed_app_manager.cc:411
[31036:30464:0705/091752.234:VERBOSE1:chrome\browser\web_applications\locks\partitioned_lock_manager.cc:243] All locks acquired for StartInstallationTask@chrome\browser\web_applications\externally_managed_app_manager.cc:411
[31036:30464:0705/091752.234:VERBOSE1:chrome\browser\web_applications\locks\partitioned_lock_manager.cc:286] Releasing <PartitionedLockId>{id: 0x31, partition: 0} requested by MaybeStartNext@chrome\browser\web_applications\externally_managed_app_manager.cc:271
[31036:30464:0705/091752.235:VERBOSE1:components\segmentation_platform\internal\database\cached_result_writer.cc:30] CachedResultWriter updating prefs with new result: PredictionResult: timestamp: 13427696872235090 result 0: 0 for segmentation key: shopping_user
[31036:18824:0705/091752.271:ERROR:google_apis\gcm\engine\registration_request.cc:291] Registration response error message: PHONE_REGISTRATION_ERROR
[31036:18824:0705/091752.271:VERBOSE1:google_apis\gcm\engine\registration_request.cc:256] Delaying GCM registration of app: com.google.chrome.fcm.invalidations-585406161706, for 21987 milliseconds.
[31036:18824:0705/091752.271:ERROR:google_apis\gcm\engine\registration_request.cc:291] Registration response error message: PHONE_REGISTRATION_ERROR
[31036:18824:0705/091752.273:VERBOSE1:google_apis\gcm\engine\registration_request.cc:256] Delaying GCM registration of app: com.google.android.gms, for 29064 milliseconds.
[29360:16588:0705/091752.278:INFO:third_party\webrtc\rtc_base\cpu_info.cc:77] Available number of cores: 8
[29360:16588:0705/091752.310:VERBOSE1:extensions\renderer\script_context.cc:150] Created context:
  extension id:           (none)
  frame:                  0x759c02030d50
  URL:                    
  context_type:           WEB_PAGE
  effective extension id: (none)
  effective context type: WEB_PAGE
[29360:16588:0705/091752.310:VERBOSE1:extensions\renderer\script_context.cc:150] Created context:
  extension id:           (none)
  frame:                  (nil)
  URL:                    
  context_type:           UNSPECIFIED
  effective extension id: (none)
  effective context type: UNSPECIFIED
[29360:16588:0705/091752.311:VERBOSE1:extensions\renderer\dispatcher.cc:493] Num tracked contexts: 1
[31036:30464:0705/091752.313:VERBOSE1:chrome\browser\web_applications\locks\partitioned_lock_manager.cc:262] Acquiring <PartitionedLockId>{id: 0x31, partition: 0} for InstallFromInfo@chrome\browser\web_applications\commands\external_app_resolution_command.cc:741
[31036:30464:0705/091752.313:VERBOSE1:chrome\browser\web_applications\locks\partitioned_lock_manager.cc:262] Acquiring <PartitionedLockId>{id: 0x6167696d6e6b696a636161686e6763646d6665616e67616b6e6d6c646f6f6d6c, partition: 1} for InstallFromInfo@chrome\browser\web_applications\commands\external_app_resolution_command.cc:741
[31036:30464:0705/091752.313:VERBOSE1:chrome\browser\web_applications\locks\partitioned_lock_manager.cc:243] All locks acquired for InstallFromInfo@chrome\browser\web_applications\commands\external_app_resolution_command.cc:741
[31036:30464:0705/091752.368:VERBOSE1:chrome\browser\profiles\profile_manager.cc:1408] AddKeepAlive(Default, kWebAppUpdate). keep_alives=[kWaitingForFirstBrowserWindow (1), kOffTheRecordProfile (1), kExtensionUpdater (2), kWebAppUpdate (1)]
[31036:30464:0705/091752.368:VERBOSE1:chrome\browser\web_applications\locks\partitioned_lock_manager.cc:286] Releasing <PartitionedLockId>{id: 0x6167696d6e6b696a636161686e6763646d6665616e67616b6e6d6c646f6f6d6c, partition: 1} requested by InstallFromInfo@chrome\browser\web_applications\commands\external_app_resolution_command.cc:741
[31036:30464:0705/091752.368:VERBOSE1:chrome\browser\web_applications\locks\partitioned_lock_manager.cc:286] Releasing <PartitionedLockId>{id: 0x31, partition: 0} requested by InstallFromInfo@chrome\browser\web_applications\commands\external_app_resolution_command.cc:741
[31036:30464:0705/091752.368:VERBOSE1:chrome\browser\web_applications\locks\partitioned_lock_manager.cc:286] Releasing <PartitionedLockId>{id: 0x30, partition: 0} requested by StartInstallationTask@chrome\browser\web_applications\externally_managed_app_manager.cc:411
[31036:30464:0705/091752.368:VERBOSE1:chrome\browser\profiles\profile_manager.cc:1469] RemoveKeepAlive(Default, kWebAppUpdate). keep_alives=[kWaitingForFirstBrowserWindow (1), kOffTheRecordProfile (1), kExtensionUpdater (2)]
[31036:30464:0705/091752.371:VERBOSE1:chrome\browser\web_applications\locks\partitioned_lock_manager.cc:262] Acquiring <PartitionedLockId>{id: 0x31, partition: 0} for MaybeStartNext@chrome\browser\web_applications\externally_managed_app_manager.cc:271
[31036:30464:0705/091752.371:VERBOSE1:chrome\browser\web_applications\locks\partitioned_lock_manager.cc:243] All locks acquired for MaybeStartNext@chrome\browser\web_applications\externally_managed_app_manager.cc:271
[31036:30464:0705/091752.371:VERBOSE1:chrome\browser\web_applications\locks\partitioned_lock_manager.cc:262] Acquiring <PartitionedLockId>{id: 0x30, partition: 0} for StartInstallationTask@chrome\browser\web_applications\externally_managed_app_manager.cc:411
[31036:30464:0705/091752.371:VERBOSE1:chrome\browser\web_applications\locks\partitioned_lock_manager.cc:243] All locks acquired for StartInstallationTask@chrome\browser\web_applications\externally_managed_app_manager.cc:411
[31036:30464:0705/091752.371:VERBOSE1:chrome\browser\web_applications\locks\partitioned_lock_manager.cc:286] Releasing <PartitionedLockId>{id: 0x31, partition: 0} requested by MaybeStartNext@chrome\browser\web_applications\externally_managed_app_manager.cc:271
[21748:2308:0705/091752.414:INFO:third_party\webrtc\rtc_base\cpu_info.cc:77] Available number of cores: 8
[21748:2308:0705/091752.453:VERBOSE1:extensions\renderer\script_context.cc:150] Created context:
  extension id:           (none)
  frame:                  0x3d5402030d50
  URL:                    
  context_type:           WEB_PAGE
  effective extension id: (none)
  effective context type: WEB_PAGE
[21748:2308:0705/091752.453:VERBOSE1:extensions\renderer\script_context.cc:150] Created context:
  extension id:           (none)
  frame:                  (nil)
  URL:                    
  context_type:           UNSPECIFIED
  effective extension id: (none)
  effective context type: UNSPECIFIED
[21748:2308:0705/091752.454:VERBOSE1:extensions\renderer\dispatcher.cc:493] Num tracked contexts: 1
[31036:30464:0705/091752.456:VERBOSE1:chrome\browser\web_applications\locks\partitioned_lock_manager.cc:262] Acquiring <PartitionedLockId>{id: 0x31, partition: 0} for InstallFromInfo@chrome\browser\web_applications\commands\external_app_resolution_command.cc:741
[31036:30464:0705/091752.456:VERBOSE1:chrome\browser\web_applications\locks\partitioned_lock_manager.cc:262] Acquiring <PartitionedLockId>{id: 0x706f6d6d61636c6362666768636c68616c626f616b636970636d6d6e6468636a, partition: 1} for InstallFromInfo@chrome\browser\web_applications\commands\external_app_resolution_command.cc:741
[31036:30464:0705/091752.456:VERBOSE1:chrome\browser\web_applications\locks\partitioned_lock_manager.cc:243] All locks acquired for InstallFromInfo@chrome\browser\web_applications\commands\external_app_resolution_command.cc:741
[25496:31580:0705/091752.472:VERBOSE1:net\base\network_delegate.cc:38] NetworkDelegate::NotifyBeforeURLRequest: https://content-autofill.googleapis.com/v1/pages/ChVDaHJvbWUvMTQ5LjAuNzgyNy4yMDESxQIJHv4VFb1uhTISDw109UCUKggIABgBIAI4AhIPDbel7fUqCAgCGAEgAjgCEg8N4SQL0SoICAQYASACOAISDQ2oxD4pKgYIBBgFIAISDw3gLXXkKggIAhgBIAE4ARIPDdbx-O0qCAgGGAEgATgBEg8NCwx-ASoICAEYASACOAISDQ3DwUuhKgYIBRgFIAMSDw3eQPwsKggIBhgCIAE4AhIPDaQOhHwqCAgAGAIgATgCEg8NcU_LRioICAUYAiABOAISDw1AQ9ISKggIABgFIAE4ARIPDU3r0g0qCAgCGAEgBDgEEg0NVZaRHioGCAEYBSAFEg0NBu27_yoGGAcgBCgEEg8NQjQV5CoICAIYBCABOAESDQ27p53kKgYIABgFIAUSDw1vSYAXKggIARgBIAc4ByE41zZr6fvbIyk41zZr6fvbIzIA?alt=proto
[25496:31580:0705/091752.473:VERBOSE1:net\third_party\quiche\src\quiche\quic\core\tls_handshaker.cc:109] TlsClient: Continuing handshake
[31036:30464:0705/091752.490:VERBOSE1:chrome\browser\profiles\profile_manager.cc:1408] AddKeepAlive(Default, kWebAppUpdate). keep_alives=[kWaitingForFirstBrowserWindow (1), kOffTheRecordProfile (1), kExtensionUpdater (2), kWebAppUpdate (1)]
[31036:30464:0705/091752.490:VERBOSE1:chrome\browser\web_applications\locks\partitioned_lock_manager.cc:286] Releasing <PartitionedLockId>{id: 0x706f6d6d61636c6362666768636c68616c626f616b636970636d6d6e6468636a, partition: 1} requested by InstallFromInfo@chrome\browser\web_applications\commands\external_app_resolution_command.cc:741
[31036:30464:0705/091752.490:VERBOSE1:chrome\browser\web_applications\locks\partitioned_lock_manager.cc:286] Releasing <PartitionedLockId>{id: 0x31, partition: 0} requested by InstallFromInfo@chrome\browser\web_applications\commands\external_app_resolution_command.cc:741
[31036:30464:0705/091752.490:VERBOSE1:chrome\browser\web_applications\locks\partitioned_lock_manager.cc:286] Releasing <PartitionedLockId>{id: 0x30, partition: 0} requested by StartInstallationTask@chrome\browser\web_applications\externally_managed_app_manager.cc:411
[31036:30464:0705/091752.490:VERBOSE1:chrome\browser\web_applications\locks\partitioned_lock_manager.cc:262] Acquiring <PartitionedLockId>{id: 0x31, partition: 0} for ContinueSynchronization@chrome\browser\web_applications\externally_managed_app_manager.cc:736
[31036:30464:0705/091752.490:VERBOSE1:chrome\browser\web_applications\locks\partitioned_lock_manager.cc:243] All locks acquired for ContinueSynchronization@chrome\browser\web_applications\externally_managed_app_manager.cc:736
[31036:30464:0705/091752.490:VERBOSE1:chrome\browser\profiles\profile_manager.cc:1469] RemoveKeepAlive(Default, kWebAppUpdate). keep_alives=[kWaitingForFirstBrowserWindow (1), kOffTheRecordProfile (1), kExtensionUpdater (2)]
[31036:30464:0705/091752.492:VERBOSE1:chrome\browser\web_applications\locks\partitioned_lock_manager.cc:286] Releasing <PartitionedLockId>{id: 0x31, partition: 0} requested by ContinueSynchronization@chrome\browser\web_applications\externally_managed_app_manager.cc:736
[31036:30464:0705/091752.492:VERBOSE1:chrome\browser\web_applications\locks\partitioned_lock_manager.cc:318] Acquiring <PartitionedLockId>{id: 0x31, partition: 0} for MaybeStartNext@chrome\browser\web_applications\externally_managed_app_manager.cc:271
[31036:30464:0705/091752.492:VERBOSE1:chrome\browser\web_applications\locks\partitioned_lock_manager.cc:243] All locks acquired for MaybeStartNext@chrome\browser\web_applications\externally_managed_app_manager.cc:271
[31036:30464:0705/091752.492:VERBOSE1:chrome\browser\web_applications\locks\partitioned_lock_manager.cc:286] Releasing <PartitionedLockId>{id: 0x31, partition: 0} requested by MaybeStartNext@chrome\browser\web_applications\externally_managed_app_manager.cc:271
[25496:31580:0705/091752.521:VERBOSE1:net\third_party\quiche\src\quiche\quic\core\tls_handshaker.cc:109] TlsClient: Continuing handshake
[25496:31580:0705/091752.521:VERBOSE1:net\third_party\quiche\src\quiche\quic\core\tls_handshaker.cc:109] TlsClient: Continuing handshake
[25496:31580:0705/091752.521:VERBOSE1:net\third_party\quiche\src\quiche\quic\core\tls_handshaker.cc:109] TlsClient: Continuing handshake
[25496:31580:0705/091752.521:VERBOSE1:net\third_party\quiche\src\quiche\quic\core\tls_handshaker.cc:109] TlsClient: Continuing handshake
[31036:30464:0705/091752.735:VERBOSE1:extensions\browser\install_signer.cc:349] Sending request: {"hash":"yRLQunKOWM/bvdHff92PBUbbNXN1HSkhAjb5CmBCM6M=","ids":["ghbmnnjooekpmoecnnnilnnbdlolhkhi","ngpampappnmepgilojfohadhhmbhlaek"],"protocol_version":1}
[25496:31580:0705/091752.736:VERBOSE1:net\base\network_delegate.cc:38] NetworkDelegate::NotifyBeforeURLRequest: https://www.googleapis.com/chromewebstore/v1.1/items/verify
[25496:31580:0705/091752.736:VERBOSE1:net\third_party\quiche\src\quiche\quic\core\tls_handshaker.cc:109] TlsClient: Continuing handshake
[31036:30464:0705/091752.736:VERBOSE1:chrome\browser\profiles\profile_manager.cc:1469] RemoveKeepAlive(Default, kExtensionUpdater). keep_alives=[kWaitingForFirstBrowserWindow (1), kOffTheRecordProfile (1), kExtensionUpdater (1)]
[25496:31580:0705/091752.738:VERBOSE1:net\base\network_delegate.cc:38] NetworkDelegate::NotifyBeforeURLRequest: https://update.googleapis.com/service/update2/json
[25496:31580:0705/091752.739:VERBOSE1:net\third_party\quiche\src\quiche\quic\core\tls_handshaker.cc:109] TlsClient: Continuing handshake
[25496:31580:0705/091752.744:VERBOSE1:net\third_party\quiche\src\quiche\quic\core\tls_handshaker.cc:109] TlsClient: Continuing handshake
[25496:31580:0705/091752.744:VERBOSE1:net\third_party\quiche\src\quiche\quic\core\tls_handshaker.cc:109] TlsClient: Continuing handshake
[31036:19940:0705/091752.745:VERBOSE1:content\browser\loader\file_url_loader_factory.cc:474] FileURLLoader::Start: file:///C:/Users/acer/AppData/Local/Temp/HeadlessChrome31036379457546/Default/Extensions/ghbmnnjooekpmoecnnnilnnbdlolhkhi/1.107.1_0/service_worker_bin_prod.js
[25496:31580:0705/091752.745:VERBOSE1:net\third_party\quiche\src\quiche\quic\core\tls_handshaker.cc:109] TlsClient: Continuing handshake
[25496:31580:0705/091752.745:VERBOSE1:net\third_party\quiche\src\quiche\quic\core\tls_handshaker.cc:109] TlsClient: Continuing handshake
[25496:31580:0705/091752.761:VERBOSE1:net\third_party\quiche\src\quiche\quic\core\tls_handshaker.cc:109] TlsClient: Continuing handshake
[25496:31580:0705/091752.761:VERBOSE1:net\third_party\quiche\src\quiche\quic\core\tls_handshaker.cc:109] TlsClient: Continuing handshake
[25496:31580:0705/091752.764:VERBOSE1:net\third_party\quiche\src\quiche\quic\core\tls_handshaker.cc:109] TlsClient: Continuing handshake
[25496:31580:0705/091752.770:VERBOSE1:net\third_party\quiche\src\quiche\quic\core\tls_handshaker.cc:109] TlsClient: Continuing handshake
[25496:31580:0705/091752.770:VERBOSE1:net\third_party\quiche\src\quiche\quic\core\tls_handshaker.cc:109] TlsClient: Continuing handshake
[25496:31580:0705/091752.771:VERBOSE1:net\third_party\quiche\src\quiche\quic\core\tls_handshaker.cc:109] TlsClient: Continuing handshake
[31036:21800:0705/091752.788:VERBOSE1:extensions\browser\content_verifier\content_hash.cc:397] content mismatch for 128.png
[31036:21800:0705/091752.788:VERBOSE1:extensions\browser\content_verifier\content_hash.cc:397] content mismatch for _locales/af/messages.json
[31036:21800:0705/091752.788:VERBOSE1:extensions\browser\content_verifier\content_hash.cc:397] content mismatch for _locales/am/messages.json
[31036:21800:0705/091752.788:VERBOSE1:extensions\browser\content_verifier\content_hash.cc:397] content mismatch for _locales/ar/messages.json
[31036:21800:0705/091752.788:VERBOSE1:extensions\browser\content_verifier\content_hash.cc:397] content mismatch for _locales/az/messages.json
[31036:21800:0705/091752.788:VERBOSE1:extensions\browser\content_verifier\content_hash.cc:397] content mismatch for _locales/bg/messages.json
[31036:21800:0705/091752.788:VERBOSE1:extensions\browser\content_verifier\content_hash.cc:397] content mismatch for _locales/bn/messages.json
[31036:21800:0705/091752.788:VERBOSE1:extensions\browser\content_verifier\content_hash.cc:397] content mismatch for _locales/ca/messages.json
[31036:21800:0705/091752.788:VERBOSE1:extensions\browser\content_verifier\content_hash.cc:397] content mismatch for _locales/cs/messages.json
[31036:21800:0705/091752.788:VERBOSE1:extensions\browser\content_verifier\content_hash.cc:397] content mismatch for _locales/da/messages.json
[31036:21800:0705/091752.788:VERBOSE1:extensions\browser\content_verifier\content_hash.cc:397] content mismatch for _locales/de/messages.json
[31036:21800:0705/091752.788:VERBOSE1:extensions\browser\content_verifier\content_hash.cc:397] content mismatch for _locales/el/messages.json
[31036:21800:0705/091752.788:VERBOSE1:extensions\browser\content_verifier\content_hash.cc:397] content mismatch for _locales/en/messages.json
[31036:21800:0705/091752.788:VERBOSE1:extensions\browser\content_verifier\content_hash.cc:397] content mismatch for _locales/en_CA/messages.json
[31036:21800:0705/091752.788:VERBOSE1:extensions\browser\content_verifier\content_hash.cc:397] content mismatch for _locales/en_GB/messages.json
[31036:21800:0705/091752.788:VERBOSE1:extensions\browser\content_verifier\content_hash.cc:397] content mismatch for _locales/en_US/messages.json
[31036:21800:0705/091752.788:VERBOSE1:extensions\browser\content_verifier\content_hash.cc:397] content mismatch for _locales/es/messages.json
[31036:21800:0705/091752.788:VERBOSE1:extensions\browser\content_verifier\content_hash.cc:397] content mismatch for _locales/es_419/messages.json
[31036:21800:0705/091752.788:VERBOSE1:extensions\browser\content_verifier\content_hash.cc:397] content mismatch for _locales/et/messages.json
[31036:21800:0705/091752.788:VERBOSE1:extensions\browser\content_verifier\content_hash.cc:397] content mismatch for _locales/fa/messages.json
[31036:21800:0705/091752.788:VERBOSE1:extensions\browser\content_verifier\content_hash.cc:397] content mismatch for _locales/fi/messages.json
[31036:21800:0705/091752.788:VERBOSE1:extensions\browser\content_verifier\content_hash.cc:397] content mismatch for _locales/fil/messages.json
[31036:21800:0705/091752.788:VERBOSE1:extensions\browser\content_verifier\content_hash.cc:397] content mismatch for _locales/fr/messages.json
[31036:21800:0705/091752.788:VERBOSE1:extensions\browser\content_verifier\content_hash.cc:397] content mismatch for _locales/fr_CA/messages.json
[31036:21800:0705/091752.788:VERBOSE1:extensions\browser\content_verifier\content_hash.cc:397] content mismatch for _locales/gu/messages.json
[31036:21800:0705/091752.788:VERBOSE1:extensions\browser\content_verifier\content_hash.cc:397] content mismatch for _locales/hi/messages.json
[31036:21800:0705/091752.788:VERBOSE1:extensions\browser\content_verifier\content_hash.cc:397] content mismatch for _locales/hr/messages.json
[31036:21800:0705/091752.788:VERBOSE1:extensions\browser\content_verifier\content_hash.cc:397] content mismatch for _locales/hu/messages.json
[31036:21800:0705/091752.788:VERBOSE1:extensions\browser\content_verifier\content_hash.cc:397] content mismatch for _locales/id/messages.json
[31036:21800:0705/091752.788:VERBOSE1:extensions\browser\content_verifier\content_hash.cc:397] content mismatch for _locales/it/messages.json
[31036:21800:0705/091752.788:VERBOSE1:extensions\browser\content_verifier\content_hash.cc:397] content mismatch for _locales/ja/messages.json
[31036:21800:0705/091752.788:VERBOSE1:extensions\browser\content_verifier\content_hash.cc:397] content mismatch for _locales/kk/messages.json
[31036:21800:0705/091752.788:VERBOSE1:extensions\browser\content_verifier\content_hash.cc:397] content mismatch for _locales/kn/messages.json
[31036:21800:0705/091752.788:VERBOSE1:extensions\browser\content_verifier\content_hash.cc:397] content mismatch for _locales/ko/messages.json
[31036:21800:0705/091752.788:VERBOSE1:extensions\browser\content_verifier\content_hash.cc:397] content mismatch for _locales/lt/messages.json
[31036:21800:0705/091752.788:VERBOSE1:extensions\browser\content_verifier\content_hash.cc:397] content mismatch for _locales/lv/messages.json
[31036:21800:0705/091752.788:VERBOSE1:extensions\browser\content_verifier\content_hash.cc:397] content mismatch for _locales/ml/messages.json
[31036:21800:0705/091752.788:VERBOSE1:extensions\browser\content_verifier\content_hash.cc:397] content mismatch for _locales/mr/messages.json
[31036:21800:0705/091752.788:VERBOSE1:extensions\browser\content_verifier\content_hash.cc:397] content mismatch for _locales/ms/messages.json
[31036:21800:0705/091752.788:VERBOSE1:extensions\browser\content_verifier\content_hash.cc:397] content mismatch for _locales/nl/messages.json
[31036:21800:0705/091752.788:VERBOSE1:extensions\browser\content_verifier\content_hash.cc:397] content mismatch for _locales/no/messages.json
[31036:21800:0705/091752.788:VERBOSE1:extensions\browser\content_verifier\content_hash.cc:397] content mismatch for _locales/pl/messages.json
[31036:21800:0705/091752.788:VERBOSE1:extensions\browser\content_verifier\content_hash.cc:397] content mismatch for _locales/pt_BR/messages.json
[31036:21800:0705/091752.788:VERBOSE1:extensions\browser\content_verifier\content_hash.cc:397] content mismatch for _locales/pt_PT/messages.json
[31036:21800:0705/091752.788:VERBOSE1:extensions\browser\content_verifier\content_hash.cc:397] content mismatch for _locales/ro/messages.json
[31036:21800:0705/091752.788:VERBOSE1:extensions\browser\content_verifier\content_hash.cc:397] content mismatch for _locales/ru/messages.json
[31036:21800:0705/091752.788:VERBOSE1:extensions\browser\content_verifier\content_hash.cc:397] content mismatch for _locales/sk/messages.json
[31036:21800:0705/091752.788:VERBOSE1:extensions\browser\content_verifier\content_hash.cc:397] content mismatch for _locales/sl/messages.json
[31036:21800:0705/091752.788:VERBOSE1:extensions\browser\content_verifier\content_hash.cc:397] content mismatch for _locales/sr/messages.json
[31036:21800:0705/091752.788:VERBOSE1:extensions\browser\content_verifier\content_hash.cc:397] content mismatch for _locales/sv/messages.json
[31036:21800:0705/091752.788:VERBOSE1:extensions\browser\content_verifier\content_hash.cc:397] content mismatch for _locales/sw/messages.json
[31036:21800:0705/091752.788:VERBOSE1:extensions\browser\content_verifier\content_hash.cc:397] content mismatch for _locales/ta/messages.json
[31036:21800:0705/091752.788:VERBOSE1:extensions\browser\content_verifier\content_hash.cc:397] content mismatch for _locales/te/messages.json
[31036:21800:0705/091752.788:VERBOSE1:extensions\browser\content_verifier\content_hash.cc:397] content mismatch for _locales/th/messages.json
[31036:21800:0705/091752.788:VERBOSE1:extensions\browser\content_verifier\content_hash.cc:397] content mismatch for _locales/tr/messages.json
[31036:21800:0705/091752.788:VERBOSE1:extensions\browser\content_verifier\content_hash.cc:397] content mismatch for _locales/uk/messages.json
[31036:21800:0705/091752.788:VERBOSE1:extensions\browser\content_verifier\content_hash.cc:397] content mismatch for _locales/ur/messages.json
[31036:21800:0705/091752.788:VERBOSE1:extensions\browser\content_verifier\content_hash.cc:397] content mismatch for _locales/uz/messages.json
[31036:21800:0705/091752.788:VERBOSE1:extensions\browser\content_verifier\content_hash.cc:397] content mismatch for _locales/vi/messages.json
[31036:21800:0705/091752.788:VERBOSE1:extensions\browser\content_verifier\content_hash.cc:397] content mismatch for _locales/zh_CN/messages.json
[31036:21800:0705/091752.788:VERBOSE1:extensions\browser\content_verifier\content_hash.cc:397] content mismatch for _locales/zh_TW/messages.json
[31036:21800:0705/091752.788:VERBOSE1:extensions\browser\content_verifier\content_hash.cc:397] content mismatch for manifest.json
[31036:18824:0705/091752.789:VERBOSE1:extensions\browser\content_verifier\content_verifier.cc:944] OnFetchComplete ghbmnnjooekpmoecnnnilnnbdlolhkhi success:1
[31088:29104:0705/091752.806:INFO:third_party\webrtc\rtc_base\cpu_info.cc:77] Available number of cores: 8
[31088:27376:0705/091752.857:VERBOSE1:extensions\renderer\script_context.cc:150] Created context:
  extension id:           ghbmnnjooekpmoecnnnilnnbdlolhkhi
  frame:                  (nil)
  URL:                    
  context_type:           BLESSED_EXTENSION
  effective extension id: ghbmnnjooekpmoecnnnilnnbdlolhkhi
  effective context type: BLESSED_EXTENSION
[31088:27376:0705/091752.858:VERBOSE1:extensions\renderer\script_context.cc:150] Created context:
  extension id:           (none)
  frame:                  (nil)
  URL:                    
  context_type:           UNSPECIFIED
  effective extension id: (none)
  effective context type: UNSPECIFIED
[25496:31580:0705/091752.972:VERBOSE1:net\base\network_delegate.cc:38] NetworkDelegate::NotifyBeforeURLRequest: http://127.0.0.1:8767/sw.js
[31036:30464:0705/091752.976:VERBOSE1:components\update_client\request_sender.cc:188] Request completed from url: https://update.googleapis.com/service/update2/json
[31036:30464:0705/091753.006:VERBOSE1:extensions\browser\install_signer.cc:370] Got response: {
  "protocol_version": 1,
  "signature": "jd8cP3rl0aq6UlU/WAokIWp3JXa6JUC/P0Lcfk1s3fivyyu5cW0JU60oer+qXUcZ53blEZIzQREHiuBWe6gr5xpoHVlQWjkwbPp0kGTh8qFOOiFDU1Uy+Kajea+BZeLUHVGMX4vXT7aBrI4rNSQG8KZAVZDr3WBoDR8f5wSUADD6+U+Eev0aYed5oGdmn2o9CEkE2sIpiG6uJmVK78tgXqR/T3bhURH5zw9OCUzGnzc4OLZubSv9izMDiz6InM9OyOEiwUALGIu3imyTbyzlRFmr4LiVoG3DaMjrTH4/QuITtmrTWe47syqplqG4bEIlNnjbbXyaOfrFefYakV+w0g==",
  "expiry": "2026-09-26",
  "pubkey_sha1_hash": "a2159534e3753e716819beb8aae14b326927505a"
}

[25496:31580:0705/091753.278:VERBOSE1:net\base\network_delegate.cc:38] NetworkDelegate::NotifyBeforeURLRequest: http://127.0.0.1:8767/api/usb/status
[25496:31580:0705/091753.293:VERBOSE1:net\base\network_delegate.cc:38] NetworkDelegate::NotifyBeforeURLRequest: http://127.0.0.1:8767/api/status
[30548:31172:0705/091753.736:VERBOSE1:extensions\renderer\script_context.cc:163] Destroyed context for extension
  extension id: fignfifoniblkonapihmkfakmlgkbkcf
  effective extension id: fignfifoniblkonapihmkfakmlgkbkcf
[30548:31172:0705/091753.736:VERBOSE1:extensions\renderer\script_context.cc:163] Destroyed context for extension
  extension id: 
  effective extension id: 
[31088:27376:0705/091753.737:VERBOSE1:extensions\renderer\script_context.cc:163] Destroyed context for extension
  extension id: ghbmnnjooekpmoecnnnilnnbdlolhkhi
  effective extension id: ghbmnnjooekpmoecnnnilnnbdlolhkhi
[31088:27376:0705/091753.737:VERBOSE1:extensions\renderer\script_context.cc:163] Destroyed context for extension
  extension id: 
  effective extension id: 
